SORTORDER,TITLE - VENTURA COUNTY,Jan-10,Feb-10,Mar-10,Apr-10,May-10,Jun-10,Jul-10,Aug-10,Sep-10,Oct-10,Nov-10,Dec-10,2010_Data,Jan-11,Feb-11,Mar-11,Apr-11,May-11,Jun-11,Jul-11,Aug-11,Sep-11,Oct-11,Nov-11,Dec-11,2011_Data,Jan-12,Feb-12,Mar-12,Apr-12,May-12,Jun-12,Jul-12,Aug-12,Sep-12,Oct-12,Nov-12,Dec-12,2012_Data,Jan-13,Feb-13,Mar-13,Apr-13,May-13,Jun-13,Jul-13,Aug-13,Sep-13,Oct-13,Nov-13,Dec-13,2013_Data,Jan-14,Feb-14,Mar-14,Apr-14,May-14,Jun-14,Jul-14,Aug-14,Sep-14,Oct-14,Nov-14,Dec-14,2014_Data,Jan-15,Feb-15,Mar-15,Apr-15,May-15,Jun-15,Jul-15,Aug-15,Sep-15,Oct-15,Nov-15,Dec-15,2015_Data,Jan-16,Feb-16,Mar-16,Apr-16,May-16,Jun-16,Jul-16,Aug-16,Sep-16,Oct-16,Nov-16,Dec-16,2016_Data,Jan-17,Feb-17,Mar-17,Apr-17,May-17,Jun-17,Jul-17,Aug-17,Sep-17,Oct-17,Nov-17,Dec-17,2017_Data,Jan-18,Feb-18,Mar-18,Apr-18,May-18,Jun-18,Jul-18,Aug-18,Sep-18,Oct-18,Nov-18,Dec-18,2018_Data,Jan-19,Feb-19,Mar-19,Apr-19,May-19,Jun-19,Jul-19,Aug-19,Sep-19,Oct-19,Nov-19,Dec-19,2019_Data,Jan-20,Feb-20,Mar-20,Apr-20,May-20,Jun-20,Jul-20,Aug-20,Sep-20,Oct-20,Nov-20,Dec-20,2020_Data,Jan-21,Feb-21,Mar-21,Apr-21,May-21,Jun-21,Jul-21,Aug-21,Sep-21,Oct-21,Nov-21,Dec-21,2021_Data,Jan-22,Feb-22,Mar-22,Apr-22,May-22,Jun-22,Jul-22,Aug-22,Sep-22,Oct-22,Nov-22,Dec-22,2022_Data,Jan-23,Feb-23,Mar-23,Apr-23,May-23,Jun-23,Jul-23,Aug-23,Sep-23,Oct-23,Nov-23,Dec-23,2023_Data,Jan-24,Feb-24,Mar-24,Apr-24,May-24,Jun-24,Jul-24,2024_Data
1,Civilian Labor Force,"426,900","429,200","431,200","435,400","434,000","429,300","430,400","427,900","427,700","430,100","431,000","429,600","430,225","426,000","430,000","431,600","430,600","431,200","432,300","430,000","428,000","429,700","433,900","434,700","432,900","430,908","431,300","436,300","438,400","433,700","434,200","433,400","431,600","428,400","430,200","435,200","435,500","435,900","433,675","434,600","436,800","436,200","433,600","433,400","431,700","430,300","428,000","429,500","430,600","432,700","430,800","432,350","430,600","433,300","435,600","429,500","428,800","427,000","426,500","424,700","424,700","430,200","431,000","428,200","429,175","429,400","431,200","431,800","429,100","428,800","426,200","423,400","421,000","422,800","427,000","428,100","428,000","427,233","424,400","427,600","430,600","426,600","426,400","426,000","424,200","421,300","423,500","425,000","424,300","424,100","425,333","422,900","425,600","426,400","424,800","424,100","423,300","422,800","419,800","423,900","423,400","424,300","422,800","423,675","420,500","425,700","425,200","423,900","424,700","421,700","422,400","418,500","421,400","424,300","424,600","424,200","423,092","421,200","424,900","424,500","420,600","420,900","418,800","421,800","417,800","420,400","422,600","422,100","422,900","421,542","420,100","425,600","421,400","408,000","402,700","413,600","409,100","404,300","404,300","405,000","403,200","403,500","410,067","399,700","404,300","407,200","404,800","406,100","406,900","407,000","406,000","407,000","409,600","410,100","410,100","406,567","410,200","414,600","416,300","411,000","412,700","410,300","408,100","407,800","409,900","412,800","410,100","409,500","411,108","408,700","414,100","415,600","413,100","414,100","412,300","412,900","412,400","413,800","413,200","413,800","411,200","412,933","413,500","416,900","417,600","413,800","412,500","410,700","412,100","413,871"
2,  Civilian Employment,"376,900","380,400","382,500","389,300","389,100","382,600","380,800","378,400","380,100","383,500","382,800","383,000","382,450","377,700","383,600","386,100","388,000","389,000","386,700","383,600","381,400","384,100","389,600","391,600","390,100","385,958","387,500","393,500","396,600","395,600","396,000","392,400","389,100","387,000","391,800","397,000","398,100","398,300","393,575","395,100","400,200","401,100","401,600","401,300","396,200","394,000","392,600","395,500","397,000","400,200","399,600","397,867","398,200","401,500","404,300","402,900","402,200","398,800","396,000","394,500","396,600","402,900","403,500","402,500","400,325","401,900","405,400","406,900","406,400","405,900","402,000","397,800","396,100","399,300","403,900","404,800","405,300","402,975","401,000","404,900","407,900","405,900","407,100","403,500","400,700","397,400","400,400","402,500","402,700","403,000","403,083","399,900","404,200","406,400","406,800","407,300","404,200","402,500","399,400","405,300","405,700","406,500","405,500","404,475","401,900","408,400","409,000","409,400","411,300","405,400","405,900","401,500","405,500","408,400","408,400","407,500","406,883","402,300","408,300","408,200","407,300","408,200","403,700","405,600","401,700","406,100","407,900","406,900","408,000","406,183","403,400","410,100","399,000","348,100","346,700","364,800","363,000","366,600","369,200","374,400","373,100","372,900","374,275","368,200","374,400","379,000","377,800","381,300","379,000","380,200","380,300","385,000","388,700","390,700","392,100","381,392","390,200","397,000","400,600","397,500","400,400","395,800","393,400","392,300","395,500","397,700","394,200","394,700","395,775","391,400","397,100","399,300","398,900","399,500","395,400","395,300","392,800","394,900","393,400","393,800","391,600","395,283","392,000","395,700","398,200","396,200","397,300","392,100","391,400","394,700"
3,  Civilian Unemployment,"50,000","48,800","48,800","46,000","44,900","46,700","49,600","49,500","47,700","46,600","48,200","46,600","47,783","48,300","46,400","45,500","42,600","42,200","45,600","46,400","46,600","45,600","44,400","43,100","42,700","44,950","43,800","42,800","41,800","38,100","38,200","41,000","42,500","41,400","38,500","38,200","37,400","37,500","40,100","39,500","36,600","35,000","32,100","32,100","35,500","36,200","35,400","34,000","33,600","32,500","31,100","34,467","32,400","31,700","31,300","26,600","26,700","28,300","30,500","30,200","28,200","27,300","27,500","25,700","28,867","27,500","25,700","25,000","22,700","22,900","24,200","25,600","24,900","23,500","23,100","23,300","22,700","24,258","23,400","22,800","22,600","20,700","19,300","22,500","23,500","23,900","23,100","22,600","21,700","21,100","22,267","23,000","21,400","20,100","18,000","16,900","19,100","20,300","20,400","18,600","17,800","17,800","17,300","19,225","18,600","17,300","16,200","14,500","13,400","16,300","16,500","16,900","15,900","15,900","16,200","16,700","16,200","18,900","16,600","16,200","13,300","12,700","15,100","16,200","16,200","14,300","14,600","15,200","14,900","15,350","16,600","15,600","22,400","59,900","56,000","48,900","46,100","37,700","35,100","30,600","30,100","30,600","35,800","31,600","29,900","28,300","27,000","24,900","27,900","26,700","25,700","22,000","20,900","19,400","18,000","25,192","20,000","17,700","15,700","13,500","12,400","14,500","14,700","15,600","14,400","15,200","15,900","14,800","15,367","17,300","16,900","16,300","14,200","14,600","16,900","17,700","19,600","18,900","19,700","20,000","19,700","17,650","21,500","21,200","19,400","17,600","15,300","18,600","20,700","19,186"
400.00%,Civilian Unemployment Rate,11.70%,11.40%,11.30%,10.60%,10.30%,10.90%,11.50%,11.60%,11.10%,10.80%,11.20%,10.90%,11.11%,11.30%,10.80%,10.50%,9.90%,9.80%,10.60%,10.80%,10.90%,10.60%,10.20%,9.90%,9.90%,10.43%,10.10%,9.80%,9.50%,8.80%,8.80%,9.50%,9.80%,9.70%,8.90%,8.80%,8.60%,8.60%,9.24%,9.10%,8.40%,8.00%,7.40%,7.40%,8.20%,8.40%,8.30%,7.90%,7.80%,7.50%,7.20%,7.97%,7.50%,7.30%,7.20%,6.20%,6.20%,6.60%,7.20%,7.10%,6.60%,6.40%,6.40%,6.00%,6.73%,6.40%,6.00%,5.80%,5.30%,5.30%,5.70%,6.00%,5.90%,5.60%,5.40%,5.40%,5.30%,5.68%,5.50%,5.30%,5.30%,4.90%,4.50%,5.30%,5.50%,5.70%,5.40%,5.30%,5.10%,5.00%,5.23%,5.40%,5.00%,4.70%,4.20%,4.00%,4.50%,4.80%,4.90%,4.40%,4.20%,4.20%,4.10%,4.53%,4.40%,4.10%,3.80%,3.40%,3.10%,3.90%,3.90%,4.00%,3.80%,3.80%,3.80%,3.90%,3.83%,4.50%,3.90%,3.80%,3.20%,3.00%,3.60%,3.80%,3.90%,3.40%,3.50%,3.60%,3.50%,3.64%,4.00%,3.70%,5.30%,14.70%,13.90%,11.80%,11.30%,9.30%,8.70%,7.60%,7.50%,7.60%,8.78%,7.90%,7.40%,6.90%,6.70%,6.10%,6.90%,6.60%,6.30%,5.40%,5.10%,4.70%,4.40%,6.20%,4.90%,4.30%,3.80%,3.30%,3.00%,3.50%,3.60%,3.80%,3.50%,3.70%,3.90%,3.60%,3.74%,4.20%,4.10%,3.90%,3.40%,3.50%,4.10%,4.30%,4.80%,4.60%,4.80%,4.80%,4.80%,4.28%,5.20%,5.10%,4.60%,4.20%,3.70%,4.50%,5.00%,4.61%
8,"Total, All Industries","292,700","295,500","298,400","307,000","309,900","304,900","297,000","295,000","296,500","303,400","303,700","302,400","300,533","293,900","299,800","302,000","307,000","308,400","308,200","300,900","298,400","300,300","306,500","308,400","305,200","303,250","300,700","306,500","310,400","312,400","315,000","313,700","305,500","304,800","306,400","313,400","315,800","314,900","309,958","309,200","315,200","318,200","320,200","320,500","317,200","310,700","311,800","313,200","320,100","322,500","321,200","316,667","315,500","318,800","322,800","324,300","323,500","320,900","314,100","314,900","314,600","321,800","323,600","323,100","319,825","317,100","320,800","323,600","325,700","324,600","323,300","316,900","316,100","318,900","325,900","327,200","327,200","322,275","318,000","322,100","325,500","329,600","329,800","328,600","322,500","320,300","322,400","327,100","327,800","328,400","325,175","320,000","323,700","327,500","332,000","333,300","333,000","325,300","324,700","327,200","331,300","333,200","332,900","328,675","325,200","330,600","331,700","336,600","337,900","335,700","329,500","329,600","330,700","335,100","335,700","335,600","332,825","327,900","331,900","334,300","339,400","341,100","339,800","335,900","335,100","335,300","339,500","340,600","340,500","336,775","333,800","338,600","336,900","293,100","300,200","311,100","304,900","306,500","309,200","316,500","317,600","315,300","315,308","303,900","311,800","316,800","322,700","325,500","325,600","322,200","323,700","324,200","332,300","333,600","334,600","323,075","326,700","333,300","336,500","339,800","341,200","340,100","334,100","334,400","335,800","339,300","337,400","336,400","336,250","328,400","333,800","335,000","340,500","344,100","343,900","336,500","337,000","337,200","340,000","339,700","340,900","338,083","335,000","339,300","341,700","344,700","347,100","346,200","340,800","342,114"
9,  Total Farm,"21,400","23,300","25,700","29,500","29,700","27,700","23,600","20,700","21,400","25,700","23,400","21,100","24,433","18,700","23,900","25,900","29,100","30,200","29,900","25,900","22,400","22,700","26,600","25,100","22,500","25,242","22,100","26,300","29,400","30,800","31,400","29,300","26,400","24,700","24,900","28,000","26,800","25,000","27,092","24,200","28,200","30,600","32,900","31,200","28,700","25,400","24,700","24,800","28,100","26,600","23,900","27,442","25,100","27,700","30,300","31,000","29,200","26,700","24,500","23,700","22,700","26,000","25,700","24,900","26,458","25,300","27,000","29,500","30,700","29,000","28,200","25,100","23,000","23,800","25,600","24,800","24,000","26,333","22,700","24,500","27,700","30,100","29,100","28,000","25,200","22,400","22,900","23,800","23,200","23,100","25,225","21,700","23,300","26,000","28,100","27,400","26,300","23,500","21,700","21,800","22,300","21,900","21,700","23,808","21,400","24,000","24,600","28,200","28,400","27,400","24,300","22,600","23,000","23,500","22,600","21,700","24,308","21,500","23,100","25,100","28,100","28,400","27,600","26,000","23,900","23,800","24,000","23,000","21,700","24,683","22,000","24,100","25,700","27,700","30,000","29,100","24,600","24,000","24,200","23,900","22,800","21,700","24,983","20,600","22,500","24,300","26,400","26,900","26,300","24,400","22,600","22,500","22,700","21,800","21,300","23,525","20,800","23,400","25,700","27,700","27,800","27,800","25,300","24,000","25,100","24,500","22,600","21,200","24,658","19,300","22,100","23,400","26,800","28,600","28,500","25,700","23,500","23,900","23,700","22,400","21,600","24,125","20,500","22,900","24,700","27,300","28,300","27,800","25,400","25,271"
10,  Total Nonfarm,"271,300","272,200","272,700","277,500","280,200","277,200","273,400","274,300","275,100","277,700","280,300","281,300","276,100","275,200","275,900","276,100","277,900","278,200","278,300","275,000","276,000","277,600","279,900","283,300","282,700","278,008","278,600","280,200","281,000","281,600","283,600","284,400","279,100","280,100","281,500","285,400","289,000","289,900","282,867","285,000","287,000","287,600","287,300","289,300","288,500","285,300","287,100","288,400","292,000","295,900","297,300","289,225","290,400","291,100","292,500","293,300","294,300","294,200","289,600","291,200","291,900","295,800","297,900","298,200","293,367","291,800","293,800","294,100","295,000","295,600","295,100","291,800","293,100","295,100","300,300","302,400","303,200","295,942","295,300","297,600","297,800","299,500","300,700","300,600","297,300","297,900","299,500","303,300","304,600","305,300","299,950","298,300","300,400","301,500","303,900","305,900","306,700","301,800","303,000","305,400","309,000","311,300","311,200","304,867","303,800","306,600","307,100","308,400","309,500","308,300","305,200","307,000","307,700","311,600","313,100","313,900","308,517","306,400","308,800","309,200","311,300","312,700","312,200","309,900","311,200","311,500","315,500","317,600","318,800","312,092","311,800","314,500","311,200","265,400","270,200","282,000","280,300","282,500","285,000","292,600","294,800","293,600","290,325","283,300","289,300","292,500","296,300","298,600","299,300","297,800","301,100","301,700","309,600","311,800","313,300","299,550","305,900","309,900","310,800","312,100","313,400","312,300","308,800","310,400","310,700","314,800","314,800","315,200","311,592","309,100","311,700","311,600","313,700","315,500","315,400","310,800","313,500","313,300","316,300","317,300","319,300","313,958","314,500","316,400","317,000","317,400","318,800","318,400","315,400","316,843"
11,    Total Private,"228,700","229,000","229,400","231,600","232,700","232,200","232,100","231,900","231,800","232,900","234,600","235,800","231,892","230,400","230,600","230,600","232,500","233,000","232,600","233,900","234,100","234,300","235,200","237,700","238,400","233,608","234,700","235,600","236,400","237,100","238,700","239,700","238,600","239,200","239,100","241,600","244,500","245,700","239,242","241,200","242,600","243,000","242,900","244,400","243,800","244,800","246,000","245,900","248,100","251,600","253,000","245,608","246,700","246,800","248,100","248,700","249,700","249,600","249,100","249,300","248,600","250,700","252,300","252,800","249,367","246,700","247,700","248,100","248,800","248,700","248,600","250,700","250,900","250,300","254,000","255,700","256,300","250,542","248,900","250,600","250,400","252,400","252,900","252,600","253,700","253,900","254,000","256,300","257,100","257,600","253,367","251,300","252,700","253,700","256,000","257,800","259,300","258,000","258,600","259,200","261,900","263,300","263,700","257,958","257,200","259,100","259,500","260,500","261,300","261,100","261,500","262,600","261,500","264,000","265,100","266,400","261,650","259,400","260,800","261,300","263,500","264,500","264,700","265,800","266,200","265,300","267,500","269,600","271,000","264,967","264,500","266,500","263,200","219,000","225,400","238,300","240,000","240,100","241,500","248,600","250,500","249,500","245,592","239,700","245,300","248,200","251,900","253,900","254,900","256,400","257,900","256,100","263,900","265,600","267,100","255,075","260,500","263,800","264,300","265,600","266,100","265,900","265,500","265,800","264,900","267,600","267,300","268,100","265,450","262,300","264,400","263,800","266,000","267,400","267,600","267,000","267,800","266,600","268,800","269,300","271,300","266,858","266,800","267,900","268,000","268,900","269,900","270,000","270,400","268,843"
12,    Goods Producing,"37,800","37,700","37,800","37,900","38,400","38,500","38,700","38,300","38,200","38,200","38,100","37,600","38,100","37,300","37,200","37,200","37,300","37,300","37,300","37,500","37,500","37,400","37,300","37,400","36,800","37,292","36,500","36,600","37,000","36,800","37,000","37,400","37,400","37,600","37,700","37,600","37,600","37,700","37,242","37,400","37,500","37,600","37,300","37,500","37,700","38,000","38,200","38,400","38,700","39,100","38,900","38,025","38,800","39,100","39,700","39,300","39,800","39,900","40,300","40,700","40,700","40,700","40,600","40,400","40,000","40,600","40,500","40,600","40,700","40,600","41,000","41,500","41,700","41,300","41,400","41,400","41,300","41,050","40,400","40,700","40,700","41,100","41,100","41,300","41,800","41,700","41,700","41,600","41,300","41,100","41,208","40,400","40,800","41,300","41,800","42,200","42,600","42,600","42,800","42,900","43,000","43,100","43,000","42,208","42,800","43,200","42,900","43,300","43,500","43,900","44,400","44,400","44,600","44,600","44,700","44,400","43,892","43,500","43,700","43,800","44,000","44,300","44,700","45,000","45,200","45,300","45,400","45,300","45,200","44,617","44,700","45,000","44,300","40,000","42,400","43,700","43,500","43,600","43,200","44,000","43,700","43,700","43,483","42,800","43,400","44,000","44,200","44,400","44,300","44,900","45,300","44,700","45,400","45,300","45,300","44,500","44,900","45,500","45,600","46,000","46,100","46,300","46,500","46,500","46,400","46,400","45,800","45,900","45,992","44,500","45,500","45,300","45,800","45,900","46,000","46,100","46,000","46,000","46,200","46,100","46,100","45,792","45,200","45,200","45,200","45,300","45,500","45,700","45,900","45,429"
13,"      Mining, Logging and Construction","12,300","12,300","12,400","12,300","12,700","12,700","12,700","12,600","12,500","12,600","12,600","12,400","12,508","12,400","12,300","12,300","12,500","12,500","12,500","12,700","12,800","12,600","12,800","12,800","12,600","12,567","12,500","12,600","12,800","12,700","12,900","13,100","13,100","13,200","13,300","13,300","13,500","13,600","13,050","13,400","13,500","13,400","13,300","13,500","13,600","13,800","13,900","14,000","14,300","14,600","14,500","13,817","14,400","14,600","14,900","14,700","15,000","15,000","15,200","15,400","15,400","15,300","15,200","15,000","15,008","15,000","14,800","14,900","15,000","15,000","15,300","15,600","15,600","15,200","15,200","15,300","15,200","15,175","14,800","15,000","15,000","15,500","15,600","15,500","15,800","15,800","15,800","15,900","15,800","15,700","15,517","15,100","15,500","15,800","16,400","16,600","16,800","17,000","17,100","17,100","17,200","17,300","17,300","16,600","17,000","17,300","16,800","17,500","17,500","17,700","18,100","18,000","18,100","18,100","18,200","17,900","17,683","17,200","17,200","17,400","17,600","18,000","18,200","18,300","18,500","18,500","18,700","18,500","18,300","18,033","17,900","18,200","17,800","16,000","17,800","18,100","17,800","17,800","17,500","18,000","17,700","17,600","17,683","17,100","17,400","17,700","17,900","18,000","17,900","18,300","18,500","18,100","18,600","18,500","18,400","18,033","18,200","18,500","18,500","18,700","18,800","18,900","19,000","19,000","19,000","19,000","18,500","18,800","18,742","17,900","18,700","18,500","19,000","19,100","19,100","19,400","19,500","19,300","19,400","19,200","19,200","19,025","18,600","18,600","18,600","18,800","19,000","19,100","19,300","18,857"
14,      Mining and Logging,"1,100","1,100","1,100","1,100","1,200","1,200","1,200","1,200","1,300","1,300","1,300","1,300","1,200","1,300","1,300","1,300","1,200","1,200","1,200","1,200","1,300","1,300","1,300","1,300","1,300","1,267","1,300","1,300","1,300","1,300","1,300","1,300","1,300","1,300","1,200","1,200","1,200","1,200","1,267","1,200","1,200","1,200","1,200","1,200","1,200","1,200","1,200","1,200","1,200","1,300","1,300","1,217","1,300","1,300","1,300","1,300","1,300","1,300","1,300","1,300","1,300","1,300","1,300","1,300","1,300","1,200","1,100","1,100","1,100","1,000","1,000","1,000","1,000","1,000",900,"1,000",900,"1,025",900,900,900,900,900,900,900,900,900,900,900,900,900,900,900,900,900,900,900,900,900,900,900,900,900,900,900,800,800,800,800,800,900,900,900,900,900,900,858,900,900,900,900,900,900,900,"1,000","1,000","1,000","1,000","1,000",942,"1,000","1,000","1,000",900,900,900,900,900,900,900,900,900,925,800,900,900,900,900,900,900,900,900,900,900,900,892,900,900,900,"1,000","1,000","1,000","1,000","1,000","1,000","1,000","1,000","1,000",975,"1,000","1,000","1,000","1,000","1,000","1,000","1,000","1,000","1,000","1,000","1,000","1,000","1,000","1,000","1,000","1,000","1,000","1,000","1,000","1,000","1,000"
15,      Construction,"11,200","11,200","11,300","11,200","11,500","11,500","11,500","11,400","11,200","11,300","11,300","11,100","11,308","11,100","11,000","11,000","11,300","11,300","11,300","11,500","11,500","11,300","11,500","11,500","11,300","11,300","11,200","11,300","11,500","11,400","11,600","11,800","11,800","11,900","12,100","12,100","12,300","12,400","11,783","12,200","12,300","12,200","12,100","12,300","12,400","12,600","12,700","12,800","13,100","13,300","13,200","12,600","13,100","13,300","13,600","13,400","13,700","13,700","13,900","14,100","14,100","14,000","13,900","13,700","13,708","13,800","13,700","13,800","13,900","14,000","14,300","14,600","14,600","14,200","14,300","14,300","14,300","14,150","13,900","14,100","14,100","14,600","14,700","14,600","14,900","14,900","14,900","15,000","14,900","14,800","14,617","14,200","14,600","14,900","15,500","15,700","15,900","16,100","16,200","16,200","16,300","16,400","16,400","15,700","16,100","16,500","16,000","16,700","16,700","16,900","17,200","17,100","17,200","17,200","17,300","17,000","16,825","16,300","16,300","16,500","16,700","17,100","17,300","17,400","17,500","17,500","17,700","17,500","17,300","17,092","16,900","17,200","16,800","15,100","16,900","17,200","16,900","16,900","16,600","17,100","16,800","16,700","16,758","16,300","16,500","16,800","17,000","17,100","17,000","17,400","17,600","17,200","17,700","17,600","17,500","17,142","17,300","17,600","17,600","17,700","17,800","17,900","18,000","18,000","18,000","18,000","17,500","17,800","17,767","16,900","17,700","17,500","18,000","18,100","18,100","18,400","18,500","18,300","18,400","18,200","18,200","18,025","17,600","17,600","17,600","17,800","18,000","18,100","18,300","17,857"
16,        Specialty Trade Contractors,"7,800","7,700","7,800","7,800","8,100","8,000","8,000","7,900","7,800","7,900","7,900","7,800","7,875","7,800","7,700","7,600","7,900","8,000","7,900","8,000","8,000","7,900","7,900","7,900","7,800","7,867","7,700","7,700","7,800","7,700","7,800","8,000","8,000","8,100","8,200","8,300","8,500","8,500","8,025","8,400","8,400","8,300","8,100","8,300","8,300","8,500","8,600","8,600","8,800","9,000","8,800","8,508","8,800","8,900","9,000","8,800","9,000","9,000","9,200","9,300","9,400","9,200","9,200","9,100","9,075","9,200","9,200","9,200","9,300","9,500","9,600","9,800","9,900","9,600","9,700","9,700","9,700","9,533","9,400","9,500","9,600","10,000","10,100","10,100","10,300","10,300","10,300","10,300","10,200","10,000","10,008","9,800","10,000","10,200","10,600","10,700","10,900","11,000","11,100","11,100","11,200","11,300","11,300","10,767","11,000","11,200","10,900","11,300","11,400","11,500","11,600","11,600","11,600","11,500","11,300","11,200","11,342","10,600","10,600","10,700","10,800","11,100","11,200","11,200","11,300","11,200","11,300","11,300","11,100","11,033","11,000","11,200","10,900","9,700","11,000","11,200","11,100","11,000","10,900","11,200","11,000","10,900","10,925","10,600","10,800","11,000","11,100","11,200","11,200","11,400","11,500","11,300","11,700","11,600","11,500","11,242","11,300","11,600","11,500","11,700","11,700","11,700","11,700","11,900","11,800","11,800","11,500","11,700","11,658","11,200","11,800","11,600","11,800","11,900","12,000","12,100","12,200","12,000","12,100","12,000","12,000","11,892","11,600","11,500","11,700","11,800","11,800","12,000","12,100","11,786"
18,      Manufacturing,"25,500","25,400","25,400","25,600","25,700","25,800","26,000","25,700","25,700","25,600","25,500","25,200","25,592","24,900","24,900","24,900","24,800","24,800","24,800","24,800","24,700","24,800","24,500","24,600","24,200","24,725","24,000","24,000","24,200","24,100","24,100","24,300","24,300","24,400","24,400","24,300","24,100","24,100","24,192","24,000","24,000","24,200","24,000","24,000","24,100","24,200","24,300","24,400","24,400","24,500","24,400","24,208","24,400","24,500","24,800","24,600","24,800","24,900","25,100","25,300","25,300","25,400","25,400","25,400","24,992","25,600","25,700","25,700","25,700","25,600","25,700","25,900","26,100","26,100","26,200","26,100","26,100","25,875","25,600","25,700","25,700","25,600","25,500","25,800","26,000","25,900","25,900","25,700","25,500","25,400","25,692","25,300","25,300","25,500","25,400","25,600","25,800","25,600","25,700","25,800","25,800","25,800","25,700","25,608","25,800","25,900","26,100","25,800","26,000","26,200","26,300","26,400","26,500","26,500","26,500","26,500","26,208","26,300","26,500","26,400","26,400","26,300","26,500","26,700","26,700","26,800","26,700","26,800","26,900","26,583","26,800","26,800","26,500","24,000","24,600","25,600","25,700","25,800","25,700","26,000","26,000","26,100","25,800","25,700","26,000","26,300","26,300","26,400","26,400","26,600","26,800","26,600","26,800","26,800","26,900","26,467","26,700","27,000","27,100","27,300","27,300","27,400","27,500","27,500","27,400","27,400","27,300","27,100","27,250","26,600","26,800","26,800","26,800","26,800","26,900","26,700","26,500","26,700","26,800","26,900","26,900","26,767","26,600","26,600","26,600","26,500","26,500","26,600","26,600","26,571"
19,        Durable Goods,"19,500","19,400","19,300","19,500","19,600","19,700","19,900","19,700","19,600","19,500","19,400","19,300","19,533","19,100","19,000","18,900","18,900","18,900","18,900","18,900","18,800","18,800","18,500","18,600","18,500","18,817","18,300","18,200","18,300","18,100","18,100","18,300","18,300","18,300","18,300","18,200","18,200","18,200","18,233","18,100","18,100","18,300","18,100","18,100","18,100","18,200","18,200","18,200","18,200","18,300","18,300","18,183","18,300","18,400","18,600","18,400","18,500","18,600","18,700","18,800","18,800","18,800","19,000","19,000","18,658","18,700","18,700","18,800","18,800","18,700","18,800","18,900","18,900","18,900","18,900","19,000","19,000","18,842","18,700","18,700","18,700","18,700","18,600","18,800","18,800","18,600","18,600","18,500","18,400","18,400","18,625","18,300","18,300","18,400","18,400","18,600","18,700","18,600","18,700","18,700","18,800","18,900","19,000","18,617","19,200","19,400","19,500","19,300","19,400","19,500","19,600","19,600","19,600","19,500","19,500","19,600","19,475","19,400","19,500","19,500","19,300","19,300","19,400","19,500","19,500","19,400","19,300","19,400","19,500","19,417","19,300","19,400","19,300","18,000","18,000","18,200","18,200","18,200","18,000","18,200","18,200","18,300","18,442","18,100","18,200","18,300","18,300","18,300","18,300","18,400","18,400","18,300","18,300","18,400","18,500","18,317","18,400","18,600","18,700","18,900","18,900","19,000","19,100","19,100","19,000","19,100","19,000","19,100","18,908","18,900","19,000","19,000","19,000","19,200","19,300","19,100","18,900","19,000","19,100","19,200","19,200","19,075","19,000","19,000","19,000","18,900","18,900","19,000","19,000","18,971"
20,          Computer and Electronic Product Manufacturing,"7,200","7,100","7,100","7,000","6,900","7,000","7,100","7,000","7,000","7,000","6,900","6,800","7,008","6,600","6,600","6,500","6,200","6,200","6,100","6,200","6,100","6,100","5,800","5,700","5,700","6,150","5,600","5,600","5,600","5,300","5,300","5,400","5,400","5,300","5,300","5,300","5,300","5,300","5,392","5,200","5,200","5,200","5,200","5,200","5,200","5,200","5,200","5,200","5,200","5,300","5,300","5,217","5,300","5,300","5,400","5,300","5,300","5,400","5,400","5,400","5,400","5,400","5,400","5,500","5,375","5,500","5,500","5,500","5,600","5,500","5,500","5,600","5,600","5,600","5,600","5,600","5,600","5,558","5,500","5,500","5,500","5,600","5,500","5,500","5,600","5,400","5,400","5,400","5,400","5,400","5,475","5,300","5,300","5,300","5,400","5,400","5,300","5,300","5,400","5,300","5,300","5,300","5,300","5,325","5,400","5,400","5,400","5,400","5,400","5,400","5,500","5,500","5,500","5,500","5,500","5,500","5,450","5,400","5,400","5,400","5,400","5,400","5,400","5,500","5,400","5,400","5,400","5,400","5,500","5,417","5,600","5,600","5,500","5,300","5,200","5,200","5,200","5,200","5,200","5,200","5,200","5,300","5,308","5,100","5,100","5,200","5,100","5,100","5,100","5,100","5,100","5,000","5,000","5,100","5,200","5,100","5,000","5,000","5,100","5,000","5,000","5,000","5,000","5,000","5,000","5,000","5,000","4,900","5,000","4,900","4,900","4,800","4,800","4,800","4,800","4,900","4,900","4,900","4,900","4,900","4,900","4,867","4,800","4,800","4,800","4,800","4,800","4,800","4,800","4,800"
22,        Non-Durable Goods,"6,000","6,000","6,100","6,100","6,100","6,100","6,100","6,000","6,100","6,100","6,100","5,900","6,058","5,800","5,900","6,000","5,900","5,900","5,900","5,900","5,900","6,000","6,000","6,000","5,700","5,908","5,700","5,800","5,900","6,000","6,000","6,000","6,000","6,100","6,100","6,100","5,900","5,900","5,958","5,900","5,900","5,900","5,900","5,900","6,000","6,000","6,100","6,200","6,200","6,200","6,100","6,025","6,100","6,100","6,200","6,200","6,300","6,300","6,400","6,500","6,500","6,600","6,400","6,400","6,333","6,900","7,000","6,900","6,900","6,900","6,900","7,000","7,200","7,200","7,300","7,100","7,100","7,033","6,900","7,000","7,000","6,900","6,900","7,000","7,200","7,300","7,300","7,200","7,100","7,000","7,067","7,000","7,000","7,100","7,000","7,000","7,100","7,000","7,000","7,100","7,000","6,900","6,700","6,992","6,600","6,500","6,600","6,500","6,600","6,700","6,700","6,800","6,900","7,000","7,000","6,900","6,733","6,900","7,000","6,900","7,100","7,000","7,100","7,200","7,200","7,400","7,400","7,400","7,400","7,167","7,500","7,400","7,200","6,000","6,600","7,400","7,500","7,600","7,700","7,800","7,800","7,800","7,358","7,600","7,800","8,000","8,000","8,100","8,100","8,200","8,400","8,300","8,500","8,400","8,400","8,150","8,300","8,400","8,400","8,400","8,400","8,400","8,400","8,400","8,400","8,300","8,300","8,000","8,342","7,700","7,800","7,800","7,800","7,600","7,600","7,600","7,600","7,700","7,700","7,700","7,700","7,692","7,600","7,600","7,600","7,600","7,600","7,600","7,600","7,600"
24,          Chemical Manufacturing,"1,800","1,800","1,800","1,800","1,800","1,900","1,900","1,800","1,700","1,700","1,700","1,700","1,783","1,700","1,800","1,800","1,800","1,800","1,800","1,800","1,700","1,700","1,700","1,700","1,700","1,750","1,700","1,800","1,900","1,900","1,900","1,900","2,000","1,900","1,900","1,900","1,900","1,800","1,875","1,900","1,900","1,900","1,900","2,000","2,000","2,000","1,900","1,900","1,900","2,000","2,000","1,942","2,000","2,000","2,100","2,100","2,100","2,100","2,100","2,000","1,900","2,000","1,900","1,900","2,017","2,600","2,600","2,600","2,600","2,600","2,600","2,600","2,500","2,500","2,600","2,600","2,600","2,583","2,500","2,500","2,500","2,600","2,600","2,600","2,700","2,600","2,600","2,500","2,500","2,600","2,567","2,600","2,600","2,700","2,600","2,600","2,600","2,600","2,500","2,500","2,400","2,400","2,400","2,542","2,300","2,200","2,300","2,200","2,300","2,300","2,300","2,300","2,300","2,300","2,600","2,600","2,333","2,600","2,600","2,700","2,800","2,700","2,700","2,700","2,700","2,700","2,700","2,700","2,900","2,708","2,900","3,000","2,700","2,200","2,400","3,100","3,200","3,200","3,200","3,200","3,300","3,400","2,983","3,200","3,300","3,400","3,400","3,400","3,300","3,400","3,300","3,300","3,300","3,300","3,300","3,325","3,400","3,400","3,400","3,300","3,300","3,300","3,200","3,200","3,000","3,000","2,900","2,900","3,192","2,800","2,800","2,800","2,800","2,800","2,700","2,700","2,700","2,600","2,600","2,700","2,700","2,725","2,600","2,600","2,600","2,600","2,600","2,600","2,600","2,600"
25,Service-Providing,"233,500","234,500","234,900","239,600","241,800","238,700","234,700","236,000","236,900","239,500","242,200","243,700","238,000","237,900","238,700","238,900","240,600","240,900","241,000","237,500","238,500","240,200","242,600","245,900","245,900","240,717","242,100","243,600","244,000","244,800","246,600","247,000","241,700","242,500","243,800","247,800","251,400","252,200","245,625","247,600","249,500","250,000","250,000","251,800","250,800","247,300","248,900","250,000","253,300","256,800","258,400","251,200","251,600","252,000","252,800","254,000","254,500","254,300","249,300","250,500","251,200","255,100","257,300","257,800","253,367","251,200","253,300","253,500","254,300","255,000","254,100","250,300","251,400","253,800","258,900","261,000","261,900","254,892","254,900","256,900","257,100","258,400","259,600","259,300","255,500","256,200","257,800","261,700","263,300","264,200","258,742","257,900","259,600","260,200","262,100","263,700","264,100","259,200","260,200","262,500","266,000","268,200","268,200","262,658","261,000","263,400","264,200","265,100","266,000","264,400","260,800","262,600","263,100","267,000","268,400","269,500","264,625","262,900","265,100","265,400","267,300","268,400","267,500","264,900","266,000","266,200","270,100","272,300","273,600","267,475","267,100","269,500","266,900","225,400","227,800","238,300","236,800","238,900","241,800","248,600","251,100","249,900","246,842","240,500","245,900","248,500","252,100","254,200","255,000","252,900","255,800","257,000","264,200","266,500","268,000","255,050","261,000","264,400","265,200","266,100","267,300","266,000","262,300","263,900","264,300","268,400","269,000","269,300","265,600","264,600","266,200","266,300","267,900","269,600","269,400","264,700","267,500","267,300","270,100","271,200","273,200","268,167","269,300","271,200","271,800","272,100","273,300","272,700","269,500","271,414"
26,    Private Service Providing,"190,900","191,300","191,600","193,700","194,300","193,700","193,400","193,600","193,600","194,700","196,500","198,200","193,792","193,100","193,400","193,400","195,200","195,700","195,300","196,400","196,600","196,900","197,900","200,300","201,600","196,317","198,200","199,000","199,400","200,300","201,700","202,300","201,200","201,600","201,400","204,000","206,900","208,000","202,000","203,800","205,100","205,400","205,600","206,900","206,100","206,800","207,800","207,500","209,400","212,500","214,100","207,583","207,900","207,700","208,400","209,400","209,900","209,700","208,800","208,600","207,900","210,000","211,700","212,400","209,367","206,100","207,200","207,500","208,100","208,100","207,600","209,200","209,200","209,000","212,600","214,300","215,000","209,492","208,500","209,900","209,700","211,300","211,800","211,300","211,900","212,200","212,300","214,700","215,800","216,500","212,158","210,900","211,900","212,400","214,200","215,600","216,700","215,400","215,800","216,300","218,900","220,200","220,700","215,750","214,400","215,900","216,600","217,200","217,800","217,200","217,100","218,200","216,900","219,400","220,400","222,000","217,758","215,900","217,100","217,500","219,500","220,200","220,000","220,800","221,000","220,000","222,100","224,300","225,800","220,350","219,800","221,500","218,900","179,000","183,000","194,600","196,500","196,500","198,300","204,600","206,800","205,800","202,108","196,900","201,900","204,200","207,700","209,500","210,600","211,500","212,600","211,400","218,500","220,300","221,800","210,575","215,600","218,300","218,700","219,600","220,000","219,600","219,000","219,300","218,500","221,200","221,500","222,200","219,458","217,800","218,900","218,500","220,200","221,500","221,600","220,900","221,800","220,600","222,600","223,200","225,200","221,067","221,600","222,700","222,800","223,600","224,400","224,300","224,500","223,414"
27,"      Trade, Transportation, and Utilities","51,900","51,500","51,500","52,800","52,800","52,700","52,700","52,500","52,500","53,200","54,700","55,800","52,883","53,100","52,600","52,700","53,400","53,400","53,600","53,900","54,000","53,700","54,200","56,400","57,200","54,017","55,000","54,000","53,800","54,300","54,800","54,900","55,000","54,800","54,700","55,300","58,300","58,900","55,317","56,100","55,800","55,400","55,500","55,900","56,000","56,300","56,300","55,900","56,500","59,400","60,300","56,617","57,200","56,400","56,200","56,300","56,600","56,700","56,900","56,900","56,700","57,400","59,400","60,300","57,250","57,400","57,000","56,600","56,600","56,800","56,900","57,600","57,400","57,100","58,300","60,000","60,600","57,692","57,800","57,300","57,000","57,200","57,600","57,200","57,900","58,100","58,000","59,100","60,500","61,200","58,242","58,600","57,600","57,400","58,000","58,100","58,000","58,200","58,400","58,000","59,200","60,900","61,200","58,633","58,900","58,100","57,700","57,500","57,500","57,100","57,600","57,800","57,200","57,900","59,500","60,100","58,075","57,400","56,800","56,400","56,600","56,600","56,500","56,900","56,900","56,300","57,100","58,700","59,400","57,133","56,500","56,000","55,300","46,600","46,900","50,600","51,900","52,100","52,600","54,500","56,300","56,800","53,008","54,600","54,500","54,600","54,500","54,600","54,700","55,000","55,100","54,800","57,600","58,600","59,400","55,667","56,900","57,200","56,900","57,000","56,800","56,900","57,200","56,900","56,700","57,700","58,300","59,100","57,300","57,100","56,600","56,200","56,300","56,400","56,400","56,000","56,100","55,800","56,500","57,300","57,900","56,550","56,200","56,000","55,900","56,300","56,000","56,500","56,300","56,171"
28,        Wholesale Trade,"11,700","12,000","12,100","13,000","12,900","12,700","12,500","12,200","12,000","12,100","12,300","12,200","12,308","12,000","12,100","12,300","12,700","12,600","12,600","12,700","12,600","12,600","12,400","12,400","12,300","12,442","12,300","12,300","12,400","12,500","12,600","12,700","12,600","12,600","12,500","12,300","12,400","12,500","12,475","12,300","12,400","12,500","12,500","12,600","12,600","12,600","12,600","12,400","12,400","12,600","12,700","12,517","12,500","12,400","12,500","12,400","12,500","12,400","12,300","12,300","12,100","12,200","12,200","12,300","12,342","12,000","12,000","12,000","12,000","12,000","12,000","12,100","12,100","12,000","12,200","12,300","12,300","12,083","12,200","12,300","12,200","12,300","12,500","12,400","12,500","12,600","12,600","12,600","12,700","12,800","12,475","12,500","12,500","12,500","12,700","12,700","12,800","12,800","12,800","12,700","12,700","12,700","12,600","12,667","12,500","12,600","12,500","12,500","12,500","12,500","12,600","12,600","12,500","12,500","12,500","12,600","12,533","12,200","12,400","12,300","12,500","12,600","12,600","12,700","12,600","12,500","12,400","12,400","12,400","12,467","12,300","12,400","12,300","11,400","11,600","11,700","11,900","12,000","11,900","12,100","12,200","12,300","12,008","11,900","12,000","12,200","12,200","12,200","12,300","12,400","12,500","12,400","12,600","12,600","12,600","12,325","12,400","12,600","12,600","12,600","12,600","12,600","12,500","12,300","12,300","12,300","12,400","12,300","12,458","12,100","12,000","12,000","12,000","12,000","12,000","11,600","11,700","11,600","11,700","11,600","11,600","11,825","11,500","11,500","11,500","11,600","11,500","11,700","11,500","11,543"
29,        Retail Trade,"35,000","34,300","34,200","34,600","34,700","34,700","34,800","34,900","35,100","35,800","37,100","38,100","35,275","35,800","35,200","35,100","35,300","35,300","35,500","35,600","35,800","35,600","36,300","38,300","39,100","36,075","37,100","36,100","35,700","36,200","36,500","36,500","36,600","36,400","36,400","37,200","40,100","40,400","37,100","38,100","37,600","37,200","37,200","37,500","37,600","37,800","37,800","37,600","38,200","40,800","41,400","38,233","38,700","38,000","37,800","38,000","38,100","38,300","38,600","38,600","38,600","39,200","41,200","42,000","38,925","39,500","39,000","38,700","38,600","38,800","38,900","39,400","39,300","39,200","40,200","41,700","42,200","39,625","39,600","39,100","38,900","39,000","39,100","38,800","39,300","39,500","39,400","40,400","41,600","42,000","39,725","40,000","39,100","38,900","39,200","39,300","39,100","39,300","39,500","39,200","40,300","41,900","42,100","39,825","40,000","39,200","38,900","38,700","38,700","38,300","38,700","38,900","38,400","39,200","40,600","41,000","39,217","38,800","38,100","37,800","37,800","37,700","37,600","37,900","38,000","37,500","38,500","39,900","40,400","38,333","37,800","37,400","36,900","29,500","29,500","32,900","34,100","34,100","34,700","36,200","37,600","37,800","34,875","36,200","36,000","35,900","35,900","36,000","35,800","36,000","36,000","35,800","37,000","37,600","38,100","36,358","36,200","36,200","35,900","36,200","36,000","36,100","36,400","36,400","36,200","37,200","37,500","38,100","36,533","36,700","36,300","36,000","36,000","36,000","36,100","36,100","36,200","36,000","36,400","37,100","37,600","36,375","36,300","36,200","36,100","36,400","36,200","36,400","36,400","36,286"
30,          Food and Beverage Retailers,"7,700","7,700","7,700","7,700","7,600","7,600","7,500","7,500","7,600","7,500","7,500","7,500","7,592","7,500","7,500","7,500","7,500","7,500","7,600","7,600","7,600","7,600","7,600","7,700","7,700","7,575","7,600","7,600","7,600","7,700","7,900","7,700","7,600","7,600","7,600","7,700","7,800","8,000","7,700","7,900","8,100","8,000","7,900","8,100","8,200","8,100","8,100","8,200","8,300","8,600","8,700","8,183","8,600","8,600","8,600","8,700","8,800","8,800","8,800","8,800","8,800","8,900","9,000","9,000","8,783","9,000","8,900","8,900","8,800","9,000","9,100","9,000","8,900","9,000","9,000","9,000","8,800","8,950","8,500","8,600","8,600","8,800","8,800","8,800","8,800","8,900","9,100","9,100","9,000","9,000","8,833","8,900","8,900","8,900","8,900","9,000","9,000","8,900","9,000","9,000","9,000","9,100","9,100","8,975","8,800","8,900","8,800","8,700","8,700","8,600","8,600","8,600","8,600","8,700","8,700","8,800","8,708","8,600","8,700","8,600","8,600","8,700","8,600","8,600","8,500","8,500","8,600","8,600","8,700","8,608","8,500","8,500","8,600","8,600","8,900","9,000","8,900","8,800","8,900","8,900","9,000","9,000","8,800","8,900","9,000","9,000","8,900","8,800","8,700","8,700","8,700","8,700","8,700","8,800","8,800","8,808","8,500","8,700","8,700","8,800","8,800","8,800","8,900","8,900","8,900","8,800","9,000","9,100","8,825","9,100","9,200","9,100","9,000","8,900","9,000","8,900","8,900","9,000","9,000","9,100","9,300","9,042","8,900","9,000","8,900","8,900","8,900","8,900","8,900","8,914"
32,          General Merchandise Retailers,"6,300","6,100","6,000","6,000","6,000","6,000","6,000","6,000","6,100","6,200","6,600","7,000","6,192","6,400","6,200","6,200","6,200","6,200","6,300","6,400","6,400","6,400","6,500","7,300","7,400","6,492","6,800","6,300","6,200","6,100","6,100","6,100","6,200","6,100","6,100","6,400","7,000","7,300","6,392","6,600","6,300","6,300","6,300","6,400","6,400","6,300","6,200","6,300","6,500","7,000","7,200","6,483","6,500","6,200","6,100","6,200","6,100","6,200","6,200","6,200","6,200","6,400","6,900","7,100","6,358","6,500","6,300","6,200","6,100","6,100","6,200","6,200","6,300","6,300","6,600","7,100","7,300","6,433","6,600","6,300","6,200","6,200","6,200","6,300","6,300","6,400","6,300","6,500","7,000","7,200","6,458","6,600","6,200","6,200","6,100","6,100","6,000","6,100","6,200","6,200","6,300","6,900","7,100","6,333","6,600","6,300","6,200","6,100","6,000","5,900","6,100","6,100","6,100","6,100","6,700","7,000","6,267","6,300","6,000","5,900","5,800","5,800","5,700","5,800","5,900","5,900","6,100","6,900","7,000","6,092","6,200","5,900","5,700","4,100","4,000","4,900","4,900","4,900","4,900","5,500","6,100","6,100","5,267","5,600","5,400","5,300","5,500","5,500","5,500","5,600","5,600","5,600","5,800","6,300","6,400","5,675","5,900","5,800","5,600","5,600","5,500","5,500","5,600","5,700","5,600","5,800","6,200","6,300","5,758","5,800","5,600","5,600","5,600","5,600","5,600","5,700","5,700","5,700","5,800","6,200","6,400","5,775","5,800","5,700","5,700","5,700","5,700","5,800","5,800","5,743"
33,"          Clothing, Clothing Accessories, Shoe, and Jewelry ","4,800","4,500","4,500","4,500","4,500","4,600","4,700","4,800","4,800","5,200","5,900","6,300","4,925","5,200","5,000","4,900","4,900","4,900","5,000","5,100","5,200","5,000","5,300","6,100","6,500","5,258","5,600","5,300","5,200","5,000","5,000","5,100","5,200","5,200","5,000","5,100","6,600","6,300","5,383","5,500","5,100","5,000","5,100","5,100","5,300","5,400","5,600","5,400","5,500","6,800","7,000","5,567","5,600","5,400","5,300","5,300","5,300","5,400","5,500","5,500","5,400","5,500","6,400","6,600","5,600","5,600","5,300","5,300","5,100","5,100","5,200","5,300","5,300","5,100","5,200","5,900","6,100","5,375","5,400","5,100","5,100","5,100","5,000","5,000","5,100","5,200","5,100","5,200","5,900","6,100","5,275","5,300","4,900","4,900","4,900","4,900","5,000","5,100","5,000","4,900","5,000","5,900","5,900","5,142","5,200","4,800","4,700","4,700","4,700","4,700","4,700","4,700","4,500","4,600","5,500","5,500","4,858","4,900","4,500","4,500","4,400","4,300","4,400","4,400","4,400","4,000","4,100","4,800","5,000","4,475","4,200","4,000","3,900","1,400","1,100","2,400","2,900","2,700","3,000","3,300","3,900","3,900","3,058","3,400","3,300","3,200","3,200","3,300","3,300","3,400","3,300","3,300","3,400","3,700","3,800","3,383","3,400","3,300","3,200","3,300","3,200","3,300","3,400","3,400","3,300","3,400","3,700","3,900","3,400","3,600","3,400","3,400","3,300","3,300","3,400","3,500","3,400","3,300","3,400","3,700","3,900","3,467","3,500","3,300","3,300","3,300","3,300","3,300","3,300","3,329"
35,"        Transportation, Warehousing, and Utilities","5,200","5,200","5,200","5,200","5,200","5,300","5,400","5,400","5,400","5,300","5,300","5,500","5,300","5,300","5,300","5,300","5,400","5,500","5,500","5,600","5,600","5,500","5,500","5,700","5,800","5,500","5,600","5,600","5,700","5,600","5,700","5,700","5,800","5,800","5,800","5,800","5,800","6,000","5,742","5,700","5,800","5,700","5,800","5,800","5,800","5,900","5,900","5,900","5,900","6,000","6,200","5,867","6,000","6,000","5,900","5,900","6,000","6,000","6,000","6,000","6,000","6,000","6,000","6,000","5,983","5,900","6,000","5,900","6,000","6,000","6,000","6,100","6,000","5,900","5,900","6,000","6,100","5,983","6,000","5,900","5,900","5,900","6,000","6,000","6,100","6,000","6,000","6,100","6,200","6,400","6,042","6,100","6,000","6,000","6,100","6,100","6,100","6,100","6,100","6,100","6,200","6,300","6,500","6,142","6,400","6,300","6,300","6,300","6,300","6,300","6,300","6,300","6,300","6,200","6,400","6,500","6,325","6,400","6,300","6,300","6,300","6,300","6,300","6,300","6,300","6,300","6,200","6,400","6,600","6,333","6,400","6,200","6,100","5,700","5,800","6,000","5,900","6,000","6,000","6,200","6,500","6,700","6,125","6,500","6,500","6,500","6,400","6,400","6,600","6,600","6,600","6,600","8,000","8,400","8,700","6,983","8,300","8,400","8,400","8,200","8,200","8,200","8,300","8,200","8,200","8,200","8,400","8,700","8,308","8,300","8,300","8,200","8,300","8,400","8,300","8,300","8,200","8,200","8,400","8,600","8,700","8,350","8,400","8,300","8,300","8,300","8,300","8,400","8,400","8,343"
36,           Transportation and Warehousing,"4,100","4,100","4,100","4,100","4,100","4,200","4,300","4,300","4,200","4,200","4,200","4,300","4,183","4,100","4,100","4,100","4,200","4,300","4,300","4,400","4,400","4,400","4,400","4,500","4,600","4,317","4,500","4,500","4,500","4,500","4,500","4,600","4,600","4,600","4,600","4,700","4,600","4,700","4,575","4,600","4,600","4,600","4,600","4,600","4,700","4,800","4,800","4,800","4,800","4,900","5,000","4,733","4,800","4,900","4,800","4,800","4,900","4,900","4,800","4,800","4,800","4,800","4,900","5,000","4,850","4,800","4,900","4,900","4,900","4,900","5,000","5,000","4,900","4,900","4,900","5,000","5,100","4,933","4,900","4,900","4,900","4,900","5,000","5,000","5,100","5,100","5,000","5,100","5,200","5,400","5,042","5,100","5,000","5,000","5,100","5,200","5,200","5,200","5,200","5,200","5,200","5,400","5,500","5,192","5,400","5,400","5,400","5,300","5,400","5,400","5,400","5,400","5,300","5,300","5,400","5,500","5,383","5,500","5,300","5,300","5,300","5,300","5,400","5,400","5,400","5,400","5,300","5,500","5,700","5,400","5,500","5,400","5,300","4,800","4,900","5,100","5,100","5,100","5,100","5,400","5,600","5,900","5,267","5,600","5,700","5,700","5,600","5,600","5,700","5,800","5,700","5,800","7,200","7,600","7,800","6,150","7,500","7,600","7,600","7,400","7,400","7,400","7,400","7,400","7,300","7,300","7,600","7,800","7,475","7,400","7,400","7,300","7,400","7,500","7,400","7,400","7,300","7,200","7,400","7,700","7,700","7,425","7,500","7,400","7,400","7,400","7,400","7,500","7,400","7,429"
38,      Information,"5,400","5,400","5,400","5,400","5,400","5,400","5,500","5,500","5,300","5,200","5,300","5,300","5,375","5,200","5,100","5,000","5,100","5,100","5,100","5,100","5,100","5,000","5,000","5,100","5,200","5,092","5,200","5,200","5,300","5,200","5,300","5,400","5,500","5,400","5,400","5,500","5,500","5,600","5,375","5,400","5,400","5,400","5,300","5,400","5,400","5,600","5,500","5,500","5,600","5,600","5,600","5,475","5,700","5,700","5,700","5,700","5,700","5,700","5,700","5,600","5,400","5,500","5,500","5,500","5,617","5,400","5,400","5,300","5,300","5,300","5,300","5,300","5,200","5,100","5,300","5,400","5,500","5,317","5,200","5,200","5,200","5,200","5,300","5,300","5,300","5,400","5,300","5,200","5,300","5,300","5,267","5,100","5,200","5,200","5,300","5,300","5,400","5,400","5,400","5,300","5,300","5,300","5,400","5,300","5,300","5,300","5,200","5,400","5,500","5,400","5,400","5,400","5,300","5,300","5,400","5,500","5,367","5,400","5,300","5,300","5,300","5,300","5,400","5,300","5,200","5,100","5,000","5,100","5,200","5,242","4,900","4,900","4,900","3,800","3,600","3,600","3,600","3,600","3,600","3,800","3,800","3,600","3,975","3,400","3,500","3,500","3,700","3,900","4,000","4,100","4,100","4,100","4,100","4,200","4,400","3,917","4,100","4,100","4,000","4,000","4,100","4,100","4,100","4,000","3,900","3,900","3,900","3,900","4,008","3,800","3,700","3,800","3,800","3,800","3,900","3,900","3,800","3,700","3,600","3,600","3,500","3,742","3,600","3,400","3,500","3,400","3,400","3,500","3,600","3,486"
39,      Financial Activities,"20,200","20,300","20,300","20,100","20,100","20,100","20,300","20,400","20,300","20,500","20,600","20,800","20,333","20,600","20,600","20,800","20,700","20,700","20,700","20,700","20,300","20,100","20,000","19,600","19,900","20,392","19,900","20,100","20,000","19,700","19,600","19,600","19,500","19,400","19,200","19,400","19,400","19,400","19,600","19,100","19,100","19,200","18,800","18,800","18,700","18,800","18,900","18,900","18,900","18,900","18,900","18,917","19,000","18,900","19,000","18,900","18,800","18,900","18,800","18,700","18,400","18,500","18,400","18,400","18,725","18,000","17,800","17,800","17,900","17,900","17,600","17,800","17,700","17,600","17,700","17,600","17,500","17,742","17,300","17,300","17,300","17,500","17,400","17,300","17,500","17,400","17,400","17,500","17,500","17,500","17,408","17,100","17,100","17,000","16,900","17,000","16,900","16,900","16,800","16,800","16,900","16,900","16,700","16,917","16,400","16,600","16,600","16,700","16,800","16,500","16,400","16,300","16,200","16,300","16,300","16,200","16,442","15,800","15,900","15,800","15,900","15,900","15,700","15,900","15,800","15,700","16,000","15,800","16,000","15,850","15,800","16,000","15,800","15,400","15,500","15,500","15,500","15,500","15,600","15,900","15,900","16,000","15,700","15,600","15,800","15,900","16,000","16,000","15,900","16,200","16,200","16,100","16,400","16,500","16,600","16,100","16,300","16,400","16,400","16,500","16,200","16,100","15,900","15,900","15,700","15,800","15,800","15,700","16,058","15,300","15,300","15,300","15,500","15,500","15,200","15,200","15,300","15,200","15,400","15,400","15,300","15,325","15,200","15,200","15,200","15,100","15,100","15,100","15,100","15,143"
40,        Finance and Insurance,"16,000","16,000","16,000","15,800","15,700","15,700","15,900","16,000","16,000","16,200","16,300","16,500","16,008","16,400","16,400","16,500","16,500","16,500","16,400","16,500","16,100","15,900","15,800","15,500","15,700","16,183","15,900","16,000","15,900","15,600","15,400","15,400","15,300","15,200","15,000","15,100","15,100","15,100","15,417","14,800","14,800","14,800","14,500","14,400","14,300","14,400","14,500","14,500","14,500","14,500","14,400","14,533","14,600","14,500","14,500","14,400","14,300","14,400","14,200","14,200","13,900","14,000","13,900","13,900","14,233","13,800","13,600","13,600","13,600","13,600","13,400","13,500","13,400","13,400","13,400","13,300","13,200","13,483","13,100","13,100","13,100","13,200","13,100","13,100","13,200","13,200","13,100","13,200","13,200","13,200","13,150","13,000","12,900","12,800","12,700","12,700","12,700","12,700","12,600","12,600","12,600","12,600","12,500","12,700","12,500","12,500","12,500","12,600","12,600","12,400","12,300","12,200","12,100","12,100","12,100","12,000","12,325","11,800","11,800","11,700","11,700","11,600","11,500","11,600","11,600","11,400","11,600","11,500","11,600","11,617","11,600","11,700","11,500","11,500","11,500","11,500","11,500","11,500","11,600","11,700","11,700","11,800","11,592","11,700","11,800","11,800","11,800","11,800","11,700","11,800","11,700","11,600","11,700","11,700","11,800","11,742","11,800","11,800","11,700","11,700","11,400","11,400","11,100","11,100","11,000","10,900","11,000","10,900","11,317","10,900","10,800","10,800","10,900","10,800","10,700","10,800","10,800","10,700","10,800","10,800","10,700","10,792","10,700","10,700","10,700","10,600","10,600","10,600","10,600","10,643"
42,          Credit Intermediation and Related Activities incl,"8,500","8,600","8,700","8,600","8,500","8,600","8,900","9,000","9,100","9,300","9,400","9,600","8,900","9,600","9,700","9,900","9,800","9,900","10,100","10,000","9,700","9,500","9,400","9,400","9,500","9,708","9,800","9,900","9,900","9,500","9,400","9,400","9,500","9,400","9,400","9,500","9,500","9,500","9,558","9,500","9,600","9,600","9,400","9,300","9,200","9,200","9,400","9,400","9,300","9,300","9,200","9,367","9,300","9,200","9,200","9,100","9,000","9,000","8,700","8,600","8,400","8,500","8,400","8,300","8,808","8,200","8,100","8,000","8,100","8,000","7,900","8,000","8,000","8,000","7,900","7,800","7,800","7,983","7,800","7,800","7,900","7,900","7,900","7,900","7,900","7,900","7,900","7,900","7,900","8,000","7,892","7,800","7,800","7,700","7,600","7,700","7,600","7,600","7,600","7,500","7,600","7,500","7,500","7,625","7,500","7,600","7,600","7,600","7,600","7,600","7,400","7,400","7,300","7,300","7,200","7,200","7,442","7,200","7,200","7,200","7,100","7,000","7,000","7,000","7,000","7,000","7,000","7,000","7,000","7,058","7,100","7,100","7,000","7,100","7,100","7,100","7,100","7,100","7,100","7,200","7,200","7,200","7,117","7,200","7,200","7,300","7,200","7,200","7,200","7,200","7,100","7,000","7,000","7,000","6,900","7,125","7,000","7,000","6,800","6,800","6,400","6,400","6,100","6,000","5,900","5,700","5,700","5,600","6,283","5,500","5,400","5,400","5,300","5,300","5,300","5,300","5,300","5,200","5,300","5,300","5,200","5,317","5,200","5,200","5,200","5,200","5,200","5,100","5,100","5,171"
43,          Insurance Carriers and Related Activities,"6,700","6,600","6,500","6,400","6,300","6,200","6,200","6,200","6,100","6,100","6,000","6,000","6,275","5,900","5,800","5,700","5,600","5,600","5,600","5,600","5,600","5,500","5,500","5,300","5,300","5,583","5,200","5,200","5,200","5,200","5,100","5,000","5,000","4,900","4,800","4,700","4,700","4,600","4,967","4,400","4,400","4,300","4,200","4,300","4,300","4,200","4,200","4,300","4,300","4,300","4,400","4,300","4,400","4,400","4,400","4,400","4,500","4,500","4,700","4,800","4,700","4,700","4,800","4,800","4,592","4,900","4,900","4,800","4,900","4,900","4,800","4,800","4,800","4,800","4,800","4,800","4,800","4,833","4,700","4,700","4,700","4,800","4,700","4,700","4,800","4,800","4,700","4,700","4,800","4,800","4,742","4,700","4,700","4,600","4,700","4,700","4,700","4,700","4,600","4,600","4,700","4,600","4,600","4,658","4,600","4,600","4,600","4,700","4,700","4,600","4,600","4,600","4,500","4,600","4,600","4,600","4,608","4,400","4,400","4,400","4,400","4,400","4,300","4,400","4,400","4,400","4,400","4,400","4,400","4,392","4,400","4,500","4,400","4,400","4,400","4,400","4,400","4,400","4,400","4,400","4,400","4,300","4,400","4,300","4,300","4,300","4,300","4,200","4,200","4,200","4,200","4,100","4,200","4,200","4,200","4,225","4,200","4,200","4,200","4,200","4,200","4,200","4,200","4,200","4,200","4,300","4,300","4,300","4,225","4,300","4,300","4,300","4,400","4,300","4,300","4,400","4,400","4,400","4,400","4,400","4,400","4,358","4,400","4,400","4,400","4,400","4,400","4,400","4,400","4,400"
44,        Real Estate and Rental and Leasing,"4,200","4,300","4,300","4,300","4,400","4,400","4,400","4,400","4,300","4,300","4,300","4,300","4,325","4,200","4,200","4,300","4,200","4,200","4,300","4,200","4,200","4,200","4,200","4,100","4,200","4,208","4,000","4,100","4,100","4,100","4,200","4,200","4,200","4,200","4,200","4,300","4,300","4,300","4,183","4,300","4,300","4,400","4,300","4,400","4,400","4,400","4,400","4,400","4,400","4,400","4,500","4,383","4,400","4,400","4,500","4,500","4,500","4,500","4,600","4,500","4,500","4,500","4,500","4,500","4,492","4,200","4,200","4,200","4,300","4,300","4,200","4,300","4,300","4,200","4,300","4,300","4,300","4,258","4,200","4,200","4,200","4,300","4,300","4,200","4,300","4,200","4,300","4,300","4,300","4,300","4,258","4,100","4,200","4,200","4,200","4,300","4,200","4,200","4,200","4,200","4,300","4,300","4,200","4,217","3,900","4,100","4,100","4,100","4,200","4,100","4,100","4,100","4,100","4,200","4,200","4,200","4,117","4,000","4,100","4,100","4,200","4,300","4,200","4,300","4,200","4,300","4,400","4,300","4,400","4,233","4,200","4,300","4,300","3,900","4,000","4,000","4,000","4,000","4,000","4,200","4,200","4,200","4,108","3,900","4,000","4,100","4,200","4,200","4,200","4,400","4,500","4,500","4,700","4,800","4,800","4,358","4,500","4,600","4,700","4,800","4,800","4,700","4,800","4,800","4,700","4,900","4,800","4,800","4,742","4,400","4,500","4,500","4,600","4,700","4,500","4,400","4,500","4,500","4,600","4,600","4,600","4,533","4,500","4,500","4,500","4,500","4,500","4,500","4,500","4,500"
45,      Professional and Business Services,"40,200","40,100","40,400","40,100","40,100","40,300","40,300","40,400","40,200","40,200","40,100","40,400","40,233","39,300","39,300","39,300","39,600","39,600","39,600","40,400","40,200","40,100","40,200","40,300","40,500","39,867","40,000","40,500","40,800","40,800","40,900","41,400","41,400","41,700","41,600","42,200","42,300","42,500","41,342","42,100","42,200","42,600","42,500","42,500","42,500","43,000","43,000","43,000","43,300","43,300","43,600","42,800","42,200","41,500","42,000","41,900","41,600","41,600","41,700","41,400","41,200","41,300","41,100","41,000","41,542","39,400","39,700","40,400","40,400","39,700","39,900","40,500","40,600","40,400","41,600","41,400","41,600","40,467","40,200","40,600","40,700","41,000","40,900","41,000","41,000","40,900","40,700","41,000","41,100","41,100","40,850","40,800","41,200","41,400","41,800","41,900","42,400","42,700","42,400","42,400","42,900","42,900","43,000","42,150","41,400","42,000","42,400","42,600","43,000","42,900","43,000","43,100","42,900","43,900","43,600","44,100","42,908","42,900","43,200","43,600","44,100","44,200","44,500","44,800","44,700","44,600","44,800","45,300","45,500","44,350","44,100","44,600","44,100","40,200","40,900","41,500","41,700","42,000","41,900","43,100","43,400","43,800","42,608","42,300","43,000","43,300","43,500","43,600","43,500","43,500","43,600","43,000","44,600","44,800","45,000","43,642","43,700","44,700","44,500","44,900","44,800","44,400","44,000","43,800","43,600","44,300","44,200","44,200","44,258","43,000","43,600","43,400","43,600","43,600","43,500","43,400","43,600","43,300","43,600","43,500","44,500","43,550","43,900","44,000","44,000","43,900","44,200","44,300","44,400","44,100"
46,"        Professional, Scientific, and Technical Services","15,400","15,500","15,500","15,600","15,400","15,400","15,300","15,300","15,100","14,900","15,000","15,000","15,283","15,000","15,100","15,100","15,100","14,700","14,700","15,200","15,200","15,100","15,100","15,100","15,400","15,067","15,200","15,500","15,600","15,800","15,500","15,600","15,600","15,700","15,600","15,900","16,000","16,300","15,692","16,000","16,200","16,400","16,100","15,800","15,800","16,000","16,000","15,900","16,200","16,300","16,600","16,108","15,800","16,100","16,200","16,300","15,900","15,800","15,700","15,600","15,600","15,800","15,700","16,000","15,875","15,700","15,800","15,800","16,000","15,800","15,600","15,700","15,800","15,600","16,000","16,000","16,200","15,833","15,700","15,800","15,800","15,900","15,700","15,500","15,800","15,800","15,800","16,000","16,100","16,200","15,842","16,100","16,400","16,500","16,900","16,500","16,400","16,500","16,300","16,200","16,500","16,600","16,800","16,475","16,500","16,600","16,600","16,500","16,300","16,300","16,300","16,500","16,400","17,100","17,000","17,400","16,625","17,000","17,300","17,300","17,600","17,300","17,400","17,600","17,500","17,300","17,200","17,400","17,500","17,367","17,100","17,200","17,000","15,900","16,000","16,200","16,300","16,300","16,100","16,900","16,800","17,100","16,575","16,500","16,700","17,000","17,100","17,100","17,000","17,300","17,300","17,000","17,900","18,100","18,400","17,283","17,800","18,200","18,200","18,600","18,200","18,100","18,100","18,000","17,800","18,100","18,100","18,300","18,125","17,500","17,700","17,500","17,600","17,500","17,500","17,500","17,600","17,400","17,700","17,700","18,700","17,658","18,400","18,500","18,400","18,400","18,300","18,200","18,300","18,357"
47,        Management of Companies and Enterprises,"8,600","8,500","8,500","8,600","8,600","8,600","8,500","8,500","8,400","8,300","8,400","8,300","8,483","8,100","8,100","8,100","8,000","8,000","8,000","8,100","8,100","8,100","8,000","8,000","8,000","8,050","7,800","7,600","7,600","7,600","7,600","7,700","7,700","7,700","7,600","7,500","7,500","7,600","7,625","7,700","7,600","7,600","7,600","7,600","7,600","7,600","7,500","7,500","7,500","7,500","7,600","7,575","7,700","7,500","7,600","7,500","7,500","7,500","7,600","7,500","7,400","7,300","7,100","7,000","7,433","6,400","6,400","6,900","6,400","6,500","6,600","6,700","6,700","6,700","6,800","6,800","6,900","6,650","6,900","7,000","7,000","7,000","7,000","7,100","7,200","7,100","7,100","7,100","7,100","7,200","7,067","7,300","7,300","7,300","7,500","7,300","7,400","7,400","7,400","7,400","7,300","7,300","7,300","7,350","7,200","7,300","7,400","7,300","7,200","7,300","7,300","7,300","7,300","7,300","7,200","7,300","7,283","7,300","7,400","7,500","7,500","7,500","7,700","7,700","7,800","7,800","7,800","7,800","7,900","7,642","7,900","8,100","8,200","7,800","7,700","7,800","7,800","7,900","7,900","7,900","7,900","8,000","7,908","7,900","8,000","8,100","7,900","7,900","7,900","7,800","7,900","7,700","7,800","7,800","7,800","7,875","7,800","8,000","8,000","7,900","7,900","8,000","8,100","8,000","8,000","8,200","8,100","8,200","8,017","8,300","8,400","8,400","8,200","8,200","8,100","8,200","8,100","8,100","8,100","8,100","8,200","8,200","8,100","8,100","8,200","8,100","8,200","8,200","8,300","8,171"
48,        Administrative and Support and Waste and Remediatio,"16,200","16,100","16,400","15,900","16,100","16,300","16,500","16,600","16,700","17,000","16,700","17,100","16,467","16,200","16,100","16,100","16,500","16,900","16,900","17,100","16,900","16,900","17,100","17,200","17,100","16,750","17,000","17,400","17,600","17,400","17,800","18,100","18,100","18,300","18,400","18,800","18,800","18,600","18,025","18,400","18,400","18,600","18,800","19,100","19,100","19,400","19,500","19,600","19,600","19,500","19,400","19,117","18,700","17,900","18,200","18,100","18,200","18,300","18,400","18,300","18,200","18,200","18,300","18,000","18,233","17,300","17,500","17,700","18,000","17,400","17,700","18,100","18,100","18,100","18,800","18,600","18,500","17,983","17,600","17,800","17,900","18,100","18,200","18,400","18,000","18,000","17,800","17,900","17,900","17,700","17,942","17,400","17,500","17,600","17,400","18,100","18,600","18,800","18,700","18,800","19,100","19,000","18,900","18,325","17,700","18,100","18,400","18,800","19,500","19,300","19,400","19,300","19,200","19,500","19,400","19,400","19,000","18,600","18,500","18,800","19,000","19,400","19,400","19,500","19,400","19,500","19,800","20,100","20,100","19,342","19,100","19,300","18,900","16,500","17,200","17,500","17,600","17,800","17,900","18,300","18,700","18,700","18,125","17,900","18,300","18,200","18,500","18,600","18,600","18,400","18,400","18,300","18,900","18,900","18,800","18,483","18,100","18,500","18,300","18,400","18,700","18,300","17,800","17,800","17,800","18,000","18,000","17,700","18,117","17,200","17,500","17,500","17,800","17,900","17,900","17,700","17,900","17,800","17,800","17,700","17,600","17,692","17,400","17,400","17,400","17,400","17,700","17,900","17,800","17,571"
49,          Administrative and Support Services,"15,400","15,400","15,600","15,100","15,300","15,500","15,700","15,800","15,800","16,100","15,900","16,300","15,658","15,400","15,300","15,300","15,700","16,000","16,100","16,300","16,000","16,100","16,200","16,300","16,300","15,917","16,300","16,600","16,800","16,500","16,900","17,300","17,300","17,500","17,600","18,000","18,000","17,800","17,217","17,600","17,600","17,800","18,000","18,200","18,300","18,600","18,600","18,700","18,800","18,700","18,500","18,283","17,800","17,000","17,300","17,200","17,400","17,500","17,600","17,500","17,400","17,400","17,500","17,200","17,400","16,600","16,800","17,000","17,300","16,700","17,000","17,400","17,400","17,400","18,100","17,900","17,800","17,283","16,900","17,100","17,200","17,400","17,500","17,600","17,300","17,300","17,000","17,100","17,200","17,000","17,217","16,700","16,800","16,900","16,700","17,300","17,900","18,000","17,800","18,000","18,300","18,100","18,000","17,542","16,800","17,100","17,400","17,900","18,500","18,300","18,500","18,300","18,200","18,500","18,400","18,400","18,025","17,600","17,500","17,800","18,000","18,400","18,400","18,500","18,400","18,500","18,800","19,100","19,100","18,342","18,100","18,200","17,900","15,500","16,300","16,500","16,500","16,800","16,900","17,200","17,700","17,700","17,108","17,000","17,300","17,200","17,500","17,600","17,600","17,400","17,300","17,200","17,800","17,800","17,700","17,450","17,000","17,400","17,200","17,200","17,600","17,200","16,700","16,700","16,600","16,800","16,800","16,500","16,975","16,000","16,200","16,200","16,500","16,600","16,600","16,500","16,600","16,600","16,500","16,400","16,400","16,425","16,200","16,200","16,200","16,200","16,500","16,700","16,600","16,371"
50,            Employment Services,"6,500","6,400","6,600","6,400","6,500","6,700","6,900","7,000","7,100","7,300","7,100","7,500","6,833","6,700","6,700","6,800","7,000","7,200","7,200","7,400","7,100","7,100","7,200","7,300","7,300","7,083","7,300","7,600","7,900","7,600","8,000","8,200","8,100","8,200","8,400","8,500","8,700","8,600","8,092","8,600","8,600","8,800","8,900","9,100","9,200","9,400","9,500","9,500","9,500","9,400","9,400","9,158","8,700","7,900","8,100","8,100","8,100","8,200","8,300","8,300","8,300","8,200","8,200","8,200","8,217","7,500","7,600","7,800","8,000","7,300","7,600","7,800","7,700","7,700","8,300","8,100","8,100","7,792","7,300","7,300","7,400","7,600","7,600","7,800","7,400","7,400","7,300","7,400","7,400","7,300","7,433","7,100","7,200","7,300","6,800","7,300","7,900","8,000","7,800","8,000","8,300","8,100","8,100","7,658","7,200","7,500","7,800","8,200","8,700","8,600","8,500","8,400","8,400","8,500","8,500","8,500","8,233","8,100","7,900","8,100","8,300","8,600","8,600","8,600","8,600","8,700","8,800","9,100","9,200","8,550","8,200","8,300","8,100","6,400","6,900","6,900","6,800","7,200","7,300","7,400","7,700","7,700","7,408","7,000","7,300","7,200","7,400","7,500","7,500","7,200","7,200","7,200","7,500","7,600","7,500","7,342","7,200","7,500","7,400","7,300","7,600","7,200","6,700","6,600","6,600","6,800","6,800","6,700","7,033","6,000","6,100","6,000","6,100","6,300","6,200","6,200","6,200","6,200","6,200","6,200","6,400","6,175","6,100","6,100","6,200","6,100","6,300","6,300","6,300","6,200"
53,      Private Education and Health Services,"34,600","35,300","35,100","36,000","36,000","35,600","34,800","35,000","35,300","35,900","36,100","36,200","35,492","35,600","36,200","35,900","36,300","36,300","35,600","35,300","35,800","36,700","37,200","37,500","37,600","36,333","37,300","38,000","38,100","38,300","38,400","38,000","37,100","37,600","38,100","39,000","38,900","39,400","38,183","39,300","40,200","40,300","40,500","40,600","39,800","39,100","39,900","40,300","41,200","41,500","41,600","40,358","40,600","41,600","41,400","42,100","42,100","41,400","40,400","40,800","41,400","42,500","42,600","42,600","41,625","41,800","42,700","42,600","42,800","43,000","42,400","42,200","42,300","43,000","43,900","44,100","44,200","42,917","43,300","44,300","44,100","44,600","44,500","44,300","43,600","43,800","44,300","45,500","45,300","45,400","44,417","44,100","45,100","45,300","45,500","45,900","46,300","44,900","45,600","46,600","47,100","46,900","47,300","45,883","46,400","47,300","47,700","47,600","47,300","47,400","46,800","47,800","47,900","48,600","48,400","48,700","47,658","48,000","49,200","49,200","49,400","49,600","49,100","48,900","49,500","49,800","50,500","50,800","51,200","49,600","50,600","51,300","51,500","44,900","45,900","47,000","46,900","47,500","47,900","48,500","48,700","49,300","48,333","48,300","48,700","48,800","49,500","49,700","49,600","48,700","49,300","49,300","50,800","50,900","51,200","49,567","50,600","51,100","51,400","51,000","51,200","50,900","50,300","51,100","51,400","51,900","51,900","51,900","51,225","52,100","52,600","52,400","53,200","53,800","53,700","53,500","54,400","54,700","55,200","55,500","56,000","53,925","55,500","56,400","56,400","56,600","56,800","55,800","55,800","56,186"
54,      Leisure and Hospitality,"29,500","29,600","29,700","30,100","30,600","30,400","30,700","30,700","30,700","30,500","30,500","30,600","30,300","30,300","30,500","30,600","31,000","31,400","31,600","31,800","32,100","32,000","31,900","31,900","31,800","31,408","31,600","31,800","32,100","32,600","33,100","33,300","33,200","33,300","33,000","33,100","33,200","32,900","32,767","32,400","32,900","33,000","33,400","34,100","34,100","34,200","34,400","34,100","34,100","34,000","34,300","33,750","33,500","33,800","34,200","34,600","35,100","35,500","35,500","35,500","35,200","35,000","34,900","34,900","34,808","34,500","35,000","35,200","35,400","35,600","35,800","36,100","36,400","36,200","36,200","36,100","36,000","35,708","35,200","35,600","35,800","36,100","36,500","36,600","37,000","37,000","36,900","36,700","36,600","36,500","36,375","35,800","36,100","36,500","37,100","37,600","37,900","37,600","37,600","37,600","37,800","37,700","37,600","37,242","36,700","37,200","37,700","37,900","38,200","38,400","38,400","38,300","37,800","37,800","37,500","37,800","37,808","37,000","37,200","37,500","38,500","38,900","39,100","39,400","39,300","38,900","38,900","38,800","38,800","38,525","37,900","38,600","37,400","21,400","23,200","28,600","28,800","28,500","29,000","30,300","30,300","28,400","30,200","25,200","28,200","29,800","31,700","32,800","33,900","34,700","35,100","34,900","35,600","35,900","35,800","32,800","34,800","35,500","36,000","36,900","37,500","37,800","38,100","38,100","37,700","38,100","38,000","38,000","37,208","37,100","37,500","37,800","38,100","38,600","39,000","39,000","38,800","38,200","38,500","38,200","38,300","38,258","37,600","38,000","38,100","38,500","39,000","39,100","39,200","38,500"
55,        Accommodation and Food Services,"24,800","24,900","25,100","25,400","25,800","25,700","26,000","26,100","26,100","25,900","25,800","25,800","25,617","25,700","26,000","26,000","26,400","26,700","26,900","27,100","27,300","27,300","27,200","27,200","27,200","26,750","27,000","27,100","27,400","27,700","28,200","28,400","28,200","28,300","28,100","28,000","28,100","27,800","27,858","27,500","27,900","28,000","28,400","28,900","29,000","29,000","29,200","29,000","29,000","28,800","29,100","28,650","28,500","28,800","29,200","29,600","29,900","30,400","30,200","30,300","30,000","29,900","29,900","29,800","29,708","29,600","30,000","30,100","30,300","30,500","30,600","30,600","31,000","30,900","30,900","30,800","30,600","30,492","29,900","30,200","30,400","30,800","31,200","31,300","31,700","31,700","31,800","31,600","31,700","31,600","31,158","31,000","31,400","31,800","32,300","32,800","33,000","32,700","32,600","32,600","32,900","32,700","32,500","32,358","31,800","32,100","32,600","32,700","33,000","33,100","33,100","33,100","32,700","32,600","32,400","32,500","32,642","31,800","31,900","32,300","32,800","33,100","33,200","33,500","33,500","33,200","33,000","32,900","32,900","32,842","32,100","32,700","31,700","19,000","20,600","25,100","25,400","25,600","26,100","26,900","26,900","25,200","26,442","22,400","25,400","26,800","28,400","29,200","30,100","30,900","31,200","31,000","31,200","31,400","31,400","29,117","30,600","31,200","31,800","32,400","33,000","33,100","33,500","33,500","33,200","33,400","33,300","33,200","32,683","32,600","32,900","33,100","33,400","33,800","34,000","34,200","34,100","33,500","33,500","33,500","33,400","33,500","33,000","33,400","33,500","33,700","34,200","34,300","34,400","33,786"
57,      Other Services,"9,100","9,100","9,200","9,200","9,300","9,200","9,100","9,100","9,300","9,200","9,200","9,100","9,175","9,000","9,100","9,100","9,100","9,200","9,100","9,200","9,100","9,300","9,400","9,500","9,400","9,208","9,200","9,400","9,300","9,400","9,600","9,700","9,500","9,400","9,400","9,500","9,300","9,300","9,417","9,400","9,500","9,500","9,600","9,600","9,600","9,800","9,800","9,800","9,800","9,800","9,800","9,667","9,700","9,800","9,900","9,900","10,000","9,900","9,800","9,700","9,600","9,800","9,800","9,700","9,800","9,600","9,600","9,600","9,700","9,800","9,700","9,700","9,600","9,600","9,600","9,700","9,600","9,650","9,500","9,600","9,600","9,700","9,600","9,600","9,600","9,600","9,700","9,700","9,500","9,500","9,600","9,400","9,600","9,600","9,600","9,800","9,800","9,700","9,600","9,600","9,700","9,600","9,500","9,625","9,300","9,400","9,300","9,500","9,500","9,500","9,500","9,500","9,600","9,600","9,700","9,600","9,500","9,400","9,500","9,700","9,700","9,700","9,700","9,600","9,600","9,600","9,800","9,800","9,700","9,650","10,000","10,100","9,900","6,700","7,000","7,800","8,100","7,300","7,700","8,500","8,400","7,900","8,283","7,500","8,200","8,300","8,800","8,900","9,000","9,300","9,200","9,200","9,400","9,400","9,400","8,883","9,200","9,300","9,500","9,300","9,400","9,400","9,400","9,500","9,500","9,500","9,400","9,400","9,400","9,400","9,600","9,600","9,700","9,800","9,900","9,900","9,800","9,700","9,800","9,700","9,700","9,717","9,600","9,700","9,700","9,800","9,900","10,000","10,100","9,829"
58,      Government,"42,600","43,200","43,300","45,900","47,500","45,000","41,300","42,400","43,300","44,800","45,700","45,500","44,208","44,800","45,300","45,500","45,400","45,200","45,700","41,100","41,900","43,300","44,700","45,600","44,300","44,400","43,900","44,600","44,600","44,500","44,900","44,700","40,500","40,900","42,400","43,800","44,500","44,200","43,625","43,800","44,400","44,600","44,400","44,900","44,700","40,500","41,100","42,500","43,900","44,300","44,300","43,617","43,700","44,300","44,400","44,600","44,600","44,600","40,500","41,900","43,300","45,100","45,600","45,400","44,000","45,100","46,100","46,000","46,200","46,900","46,500","41,100","42,200","44,800","46,300","46,700","46,900","45,400","46,400","47,000","47,400","47,100","47,800","48,000","43,600","44,000","45,500","47,000","47,500","47,700","46,583","47,000","47,700","47,800","47,900","48,100","47,400","43,800","44,400","46,200","47,100","48,000","47,500","46,908","46,600","47,500","47,600","47,900","48,200","47,200","43,700","44,400","46,200","47,600","48,000","47,500","46,867","47,000","48,000","47,900","47,800","48,200","47,500","44,100","45,000","46,200","48,000","48,000","47,800","47,125","47,300","48,000","48,000","46,400","44,800","43,700","40,300","42,400","43,500","44,000","44,300","44,100","44,733","43,600","44,000","44,300","44,400","44,700","44,400","41,400","43,200","45,600","45,700","46,200","46,200","44,475","45,400","46,100","46,500","46,500","47,300","46,400","43,300","44,600","45,800","47,200","47,500","47,100","46,142","46,800","47,300","47,800","47,700","48,100","47,800","43,800","45,700","46,700","47,500","48,000","48,000","47,100","47,700","48,500","49,000","48,500","48,900","48,400","45,000","48,000"
59,        Federal Government,"7,300","7,300","7,300","7,800","9,100","8,100","8,100","7,900","7,700","7,600","7,500","7,500","7,767","7,500","7,300","7,300","7,400","7,400","7,400","7,500","7,400","7,400","7,300","7,200","7,100","7,350","7,100","7,100","7,100","7,100","7,100","7,100","7,200","7,200","7,200","7,200","7,200","7,200","7,150","7,100","7,100","7,100","7,100","7,100","7,000","7,000","7,000","7,000","7,000","6,900","7,000","7,033","6,900","6,800","6,800","6,800","6,800","6,800","6,900","6,900","6,900","6,900","6,900","6,900","6,858","6,900","6,900","6,900","6,900","7,000","7,100","7,200","7,200","7,200","7,300","7,300","7,300","7,100","7,300","7,300","7,300","7,300","7,400","7,400","7,400","7,500","7,400","7,400","7,400","7,500","7,383","7,400","7,400","7,300","7,200","7,200","7,200","7,300","7,300","7,200","7,200","7,200","7,300","7,267","7,200","7,200","7,200","7,200","7,200","7,200","7,200","7,300","7,300","7,400","7,400","7,400","7,267","7,300","7,400","7,300","7,200","7,300","7,300","7,400","7,500","7,500","7,500","7,600","7,600","7,408","7,500","7,700","7,600","7,700","7,700","7,700","7,700","8,400","8,000","7,800","7,700","7,700","7,767","7,700","7,600","7,700","7,600","7,600","7,600","7,600","7,600","7,600","7,600","7,600","7,500","7,608","7,500","7,400","7,400","7,400","7,400","7,400","7,400","7,400","7,400","7,400","7,400","7,400","7,408","7,300","7,400","7,400","7,400","7,500","7,500","7,300","7,300","7,300","7,300","7,400","7,400","7,375","7,400","7,400","7,400","7,400","7,400","7,400","7,400","7,400"
60,          Federal Government excluding Department of Defense,"2,600","2,600","2,600","3,000","4,300","3,300","3,300","3,000","2,900","2,700","2,600","2,600","2,958","2,600","2,500","2,500","2,600","2,600","2,600","2,600","2,600","2,600","2,500","2,400","2,300","2,533","2,300","2,300","2,300","2,300","2,300","2,300","2,300","2,300","2,300","2,300","2,300","2,300","2,300","2,300","2,300","2,300","2,300","2,300","2,300","2,300","2,300","2,300","2,300","2,200","2,300","2,292","2,200","2,200","2,200","2,200","2,200","2,300","2,300","2,300","2,300","2,300","2,300","2,300","2,258","2,200","2,200","2,200","2,200","2,200","2,300","2,300","2,300","2,300","2,300","2,300","2,200","2,250","2,200","2,200","2,200","2,200","2,200","2,200","2,200","2,200","2,100","2,100","2,100","2,100","2,167","2,000","2,000","2,000","1,900","1,900","1,900","1,900","1,900","1,800","1,800","1,800","1,800","1,892","1,800","1,800","1,800","1,800","1,800","1,800","1,800","1,800","1,800","1,800","1,800","1,800","1,800","1,700","1,800","1,800","1,700","1,800","1,800","1,800","1,800","1,800","1,800","1,800","1,800","1,783","1,700","1,800","1,700","1,800","1,800","1,800","1,800","2,400","2,000","1,800","1,700","1,700","1,833","1,700","1,700","1,700","1,700","1,700","1,700","1,700","1,700","1,700","1,700","1,700","1,700","1,700","1,700","1,700","1,700","1,700","1,700","1,700","1,700","1,700","1,700","1,700","1,700","1,700","1,700","1,600","1,700","1,700","1,700","1,800","1,800","1,500","1,500","1,500","1,500","1,500","1,500","1,608","1,500","1,500","1,500","1,500","1,500","1,500","1,500","1,500"
61,          Department of Defense,"4,700","4,700","4,700","4,800","4,800","4,800","4,800","4,900","4,800","4,900","4,900","4,900","4,808","4,900","4,800","4,800","4,800","4,800","4,800","4,900","4,800","4,800","4,800","4,800","4,800","4,817","4,800","4,800","4,800","4,800","4,800","4,800","4,900","4,900","4,900","4,900","4,900","4,900","4,850","4,800","4,800","4,800","4,800","4,800","4,700","4,700","4,700","4,700","4,700","4,700","4,700","4,742","4,700","4,600","4,600","4,600","4,600","4,500","4,600","4,600","4,600","4,600","4,600","4,600","4,600","4,700","4,700","4,700","4,700","4,800","4,800","4,900","4,900","4,900","5,000","5,000","5,100","4,850","5,100","5,100","5,100","5,100","5,200","5,200","5,200","5,300","5,300","5,300","5,300","5,400","5,217","5,400","5,400","5,300","5,300","5,300","5,300","5,400","5,400","5,400","5,400","5,400","5,500","5,375","5,400","5,400","5,400","5,400","5,400","5,400","5,400","5,500","5,500","5,600","5,600","5,600","5,467","5,600","5,600","5,500","5,500","5,500","5,500","5,600","5,700","5,700","5,700","5,800","5,800","5,625","5,800","5,900","5,900","5,900","5,900","5,900","5,900","6,000","6,000","6,000","6,000","6,000","5,933","6,000","5,900","6,000","5,900","5,900","5,900","5,900","5,900","5,900","5,900","5,900","5,800","5,908","5,800","5,700","5,700","5,700","5,700","5,700","5,700","5,700","5,700","5,700","5,700","5,700","5,708","5,700","5,700","5,700","5,700","5,700","5,700","5,800","5,800","5,800","5,800","5,900","5,900","5,767","5,900","5,900","5,900","5,900","5,900","5,900","5,900","5,900"
62,        Total State and Local Government,"35,300","35,900","36,000","38,100","38,400","36,900","33,200","34,500","35,600","37,200","38,200","38,000","36,442","37,300","38,000","38,200","38,000","37,800","38,300","33,600","34,500","35,900","37,400","38,400","37,200","37,050","36,800","37,500","37,500","37,400","37,800","37,600","33,300","33,700","35,200","36,600","37,300","37,000","36,475","36,700","37,300","37,500","37,300","37,800","37,700","33,500","34,100","35,500","36,900","37,400","37,300","36,583","36,800","37,500","37,600","37,800","37,800","37,800","33,600","35,000","36,400","38,200","38,700","38,500","37,142","38,200","39,200","39,100","39,300","39,900","39,400","33,900","35,000","37,600","39,000","39,400","39,600","38,300","39,100","39,700","40,100","39,800","40,400","40,600","36,200","36,500","38,100","39,600","40,100","40,200","39,200","39,600","40,300","40,500","40,700","40,900","40,200","36,500","37,100","39,000","39,900","40,800","40,200","39,642","39,400","40,300","40,400","40,700","41,000","40,000","36,500","37,100","38,900","40,200","40,600","40,100","39,600","39,700","40,600","40,600","40,600","40,900","40,200","36,700","37,500","38,700","40,500","40,400","40,200","39,717","39,800","40,300","40,400","38,700","37,100","36,000","32,600","34,000","35,500","36,200","36,600","36,400","36,967","35,900","36,400","36,600","36,800","37,100","36,800","33,800","35,600","38,000","38,100","38,600","38,700","36,867","37,900","38,700","39,100","39,100","39,900","39,000","35,900","37,200","38,400","39,800","40,100","39,700","38,733","39,500","39,900","40,400","40,300","40,600","40,300","36,500","38,400","39,400","40,200","40,600","40,600","39,725","40,300","41,100","41,600","41,100","41,500","41,000","37,600","40,600"
63,          State Government,"2,500","2,500","2,600","2,600","2,600","2,600","2,500","2,500","2,500","2,600","2,800","2,800","2,592","2,700","2,800","2,700","2,600","2,700","2,800","2,800","2,600","2,700","2,800","2,800","2,700","2,725","2,700","2,700","2,800","2,800","2,800","2,800","2,600","2,500","2,700","2,800","2,800","2,800","2,733","2,700","2,800","2,800","2,700","2,800","2,800","2,500","2,600","2,700","2,800","2,800","2,800","2,733","2,700","2,800","2,800","2,800","2,800","2,800","2,600","2,600","2,900","2,900","2,900","2,900","2,792","2,800","2,900","2,900","2,900","2,900","2,900","2,700","2,600","2,900","3,000","3,000","3,000","2,875","2,900","2,900","3,000","3,000","3,000","3,000","2,800","2,700","2,900","3,000","3,000","3,000","2,933","3,000","3,000","3,100","3,100","3,100","3,000","2,800","2,700","3,000","3,000","3,100","3,100","3,000","3,000","3,000","3,100","3,100","3,200","3,000","2,700","2,800","3,000","3,100","3,100","3,000","3,008","3,000","3,100","3,200","3,100","3,200","3,100","2,900","2,800","3,000","3,100","3,200","3,200","3,075","3,200","3,100","3,200","3,200","3,200","3,100","2,700","2,700","2,800","2,800","2,800","2,800","2,967","2,800","2,800","2,800","2,700","2,700","2,600","2,600","2,700","2,700","2,800","2,800","2,800","2,733","2,700","2,800","2,900","2,900","2,900","2,900","2,700","2,700","2,800","2,800","2,900","2,900","2,825","2,800","2,800","2,900","2,900","2,900","2,800","2,400","2,300","2,500","2,600","2,600","2,600","2,675","2,500","2,500","2,600","2,600","2,600","2,500","2,300","2,514"
64,            State Government Educational Services,900,900,900,900,900,900,800,800,800,900,"1,000","1,000",892,900,"1,000","1,000",900,"1,000","1,000","1,000",800,900,"1,000","1,000","1,000",958,"1,000","1,000","1,100","1,100","1,100","1,100",900,900,"1,100","1,200","1,200","1,200","1,075","1,100","1,200","1,200","1,200","1,300","1,200",900,"1,000","1,200","1,300","1,300","1,300","1,183","1,200","1,300","1,300","1,300","1,300","1,300","1,100","1,100","1,300","1,400","1,400","1,400","1,283","1,300","1,400","1,400","1,400","1,400","1,400","1,200","1,100","1,300","1,400","1,500","1,500","1,358","1,400","1,400","1,500","1,500","1,500","1,500","1,300","1,200","1,400","1,500","1,500","1,500","1,433","1,500","1,500","1,600","1,600","1,600","1,500","1,300","1,200","1,400","1,500","1,600","1,600","1,492","1,500","1,500","1,600","1,600","1,600","1,500","1,200","1,200","1,400","1,500","1,500","1,500","1,467","1,400","1,500","1,600","1,600","1,600","1,500","1,300","1,200","1,400","1,500","1,600","1,600","1,483","1,500","1,500","1,600","1,600","1,600","1,500","1,100","1,100","1,200","1,200","1,200","1,200","1,358","1,200","1,200","1,200","1,200","1,200","1,100","1,100","1,200","1,200","1,300","1,300","1,300","1,208","1,200","1,300","1,400","1,400","1,400","1,400","1,200","1,200","1,300","1,300","1,400","1,400","1,325","1,300","1,400","1,500","1,500","1,500","1,500","1,200","1,200","1,400","1,500","1,500","1,500","1,417","1,400","1,400","1,500","1,500","1,500","1,400","1,200","1,414"
65,            State Government Excluding Education,"1,600","1,600","1,700","1,700","1,700","1,700","1,700","1,700","1,700","1,700","1,800","1,800","1,700","1,800","1,800","1,700","1,700","1,700","1,800","1,800","1,800","1,800","1,800","1,800","1,700","1,767","1,700","1,700","1,700","1,700","1,700","1,700","1,700","1,600","1,600","1,600","1,600","1,600","1,658","1,600","1,600","1,600","1,500","1,500","1,600","1,600","1,600","1,500","1,500","1,500","1,500","1,550","1,500","1,500","1,500","1,500","1,500","1,500","1,500","1,500","1,600","1,500","1,500","1,500","1,508","1,500","1,500","1,500","1,500","1,500","1,500","1,500","1,500","1,600","1,600","1,500","1,500","1,517","1,500","1,500","1,500","1,500","1,500","1,500","1,500","1,500","1,500","1,500","1,500","1,500","1,500","1,500","1,500","1,500","1,500","1,500","1,500","1,500","1,500","1,600","1,500","1,500","1,500","1,508","1,500","1,500","1,500","1,500","1,600","1,500","1,500","1,600","1,600","1,600","1,600","1,500","1,542","1,600","1,600","1,600","1,500","1,600","1,600","1,600","1,600","1,600","1,600","1,600","1,600","1,592","1,700","1,600","1,600","1,600","1,600","1,600","1,600","1,600","1,600","1,600","1,600","1,600","1,608","1,600","1,600","1,600","1,500","1,500","1,500","1,500","1,500","1,500","1,500","1,500","1,500","1,525","1,500","1,500","1,500","1,500","1,500","1,500","1,500","1,500","1,500","1,500","1,500","1,500","1,500","1,500","1,400","1,400","1,400","1,400","1,300","1,200","1,100","1,100","1,100","1,100","1,100","1,258","1,100","1,100","1,100","1,100","1,100","1,100","1,100","1,100"
66,          Local Government,"32,800","33,400","33,400","35,500","35,800","34,300","30,700","32,000","33,100","34,600","35,400","35,200","33,850","34,600","35,200","35,500","35,400","35,100","35,500","30,800","31,900","33,200","34,600","35,600","34,500","34,325","34,100","34,800","34,700","34,600","35,000","34,800","30,700","31,200","32,500","33,800","34,500","34,200","33,742","34,000","34,500","34,700","34,600","35,000","34,900","31,000","31,500","32,800","34,100","34,600","34,500","33,850","34,100","34,700","34,800","35,000","35,000","35,000","31,000","32,400","33,500","35,300","35,800","35,600","34,350","35,400","36,300","36,200","36,400","37,000","36,500","31,200","32,400","34,700","36,000","36,400","36,600","35,425","36,200","36,800","37,100","36,800","37,400","37,600","33,400","33,800","35,200","36,600","37,100","37,200","36,267","36,600","37,300","37,400","37,600","37,800","37,200","33,700","34,400","36,000","36,900","37,700","37,100","36,642","36,400","37,300","37,300","37,600","37,800","37,000","33,800","34,300","35,900","37,100","37,500","37,100","36,592","36,700","37,500","37,400","37,500","37,700","37,100","33,800","34,700","35,700","37,400","37,200","37,000","36,642","36,600","37,200","37,200","35,500","33,900","32,900","29,900","31,300","32,700","33,400","33,800","33,600","34,000","33,100","33,600","33,800","34,100","34,400","34,200","31,200","32,900","35,300","35,300","35,800","35,900","34,133","35,200","35,900","36,200","36,200","37,000","36,100","33,200","34,500","35,600","37,000","37,200","36,800","35,908","36,700","37,100","37,500","37,400","37,700","37,500","34,100","36,100","36,900","37,600","38,000","38,000","37,050","37,800","38,600","39,000","38,500","38,900","38,500","35,300","38,086"
67,            Local Government Educational Services,"18,100","18,500","18,600","20,800","20,900","19,200","15,400","16,600","18,100","19,800","20,500","20,400","18,908","19,900","20,500","20,700","20,700","20,200","20,300","15,600","16,600","18,200","19,700","20,500","19,600","19,375","19,200","19,900","19,800","19,800","20,000","19,500","15,500","15,900","17,500","18,800","19,400","19,200","18,708","19,100","19,600","19,700","19,500","19,700","19,300","15,600","16,000","17,600","18,900","19,500","19,300","18,650","19,000","19,600","19,600","19,900","19,900","19,500","15,700","16,600","18,400","20,100","20,600","20,500","19,117","20,300","21,100","21,000","21,200","21,500","20,900","15,900","16,600","19,500","20,800","21,300","21,500","20,133","21,000","21,700","21,800","21,700","21,900","21,900","17,800","17,600","19,800","21,100","21,600","21,700","20,800","21,200","21,900","22,000","22,100","22,200","21,200","17,900","18,000","20,300","21,300","22,200","21,600","20,992","21,000","21,900","21,900","22,100","22,300","21,200","18,100","18,000","20,500","21,700","22,000","21,800","21,042","21,400","22,100","22,000","22,000","22,200","21,200","18,200","18,500","20,300","22,100","21,900","21,800","21,142","21,400","21,900","21,900","21,100","19,600","18,300","15,300","16,600","17,900","18,600","18,600","18,900","19,175","18,600","19,000","19,200","19,400","19,700","19,300","15,700","17,400","19,900","20,000","20,400","20,500","19,092","20,000","20,500","20,800","20,900","21,300","20,300","17,400","18,500","19,900","21,000","21,200","21,100","20,242","20,900","21,300","21,600","21,500","21,700","21,000","17,500","19,400","20,500","21,200","21,500","21,500","20,800","21,200","21,700","21,900","21,900","22,200","21,400","18,100","21,200"
68,            Local Government Excluding Educational Services,"14,700","14,900","14,800","14,700","14,900","15,100","15,300","15,400","15,000","14,800","14,900","14,800","14,942","14,700","14,700","14,800","14,700","14,900","15,200","15,200","15,300","15,000","14,900","15,100","14,900","14,950","14,900","14,900","14,900","14,800","15,000","15,300","15,200","15,300","15,000","15,000","15,100","15,000","15,033","14,900","14,900","15,000","15,100","15,300","15,600","15,400","15,500","15,200","15,200","15,100","15,200","15,200","15,100","15,100","15,200","15,100","15,100","15,500","15,300","15,800","15,100","15,200","15,200","15,100","15,233","15,100","15,200","15,200","15,200","15,500","15,600","15,300","15,800","15,200","15,200","15,100","15,100","15,292","15,200","15,100","15,300","15,100","15,500","15,700","15,600","16,200","15,400","15,500","15,500","15,500","15,467","15,400","15,400","15,400","15,500","15,600","16,000","15,800","16,400","15,700","15,600","15,500","15,500","15,650","15,400","15,400","15,400","15,500","15,500","15,800","15,700","16,300","15,400","15,400","15,500","15,300","15,550","15,300","15,400","15,400","15,500","15,500","15,900","15,600","16,200","15,400","15,300","15,300","15,200","15,500","15,200","15,300","15,300","14,400","14,300","14,600","14,600","14,700","14,800","14,800","15,200","14,700","14,825","14,500","14,600","14,600","14,700","14,700","14,900","15,500","15,500","15,400","15,300","15,400","15,400","15,042","15,200","15,400","15,400","15,300","15,700","15,800","15,800","16,000","15,700","16,000","16,000","15,700","15,667","15,800","15,800","15,900","15,900","16,000","16,500","16,600","16,700","16,400","16,400","16,500","16,500","16,250","16,600","16,900","17,100","16,600","16,700","17,100","17,200","16,886"
69,            County Government,"8,400","8,500","8,500","8,400","8,500","8,600","8,600","8,700","8,500","8,500","8,600","8,500","8,525","8,500","8,500","8,500","8,500","8,600","8,600","8,700","8,800","8,600","8,600","8,700","8,600","8,600","8,500","8,600","8,600","8,600","8,600","8,700","8,700","8,800","8,700","8,600","8,700","8,600","8,642","8,600","8,600","8,600","8,600","8,700","8,700","8,800","8,900","8,800","8,700","8,700","8,800","8,708","8,700","8,700","8,700","8,800","8,800","8,900","8,800","9,300","8,800","8,800","8,800","8,800","8,825","8,800","8,800","8,800","8,800","8,900","8,900","8,900","9,300","8,900","8,900","8,900","8,900","8,900","9,000","8,900","9,000","8,900","9,100","9,200","9,200","9,800","9,100","9,200","9,300","9,200","9,158","9,200","9,200","9,200","9,200","9,200","9,300","9,300","9,800","9,200","9,200","9,100","9,100","9,250","9,100","9,000","9,000","9,000","9,000","9,100","9,100","9,600","9,000","9,000","9,100","9,000","9,083","9,000","9,100","9,100","9,100","9,100","9,200","9,100","9,600","9,000","8,900","8,900","8,900","9,083","9,000","9,000","9,000","8,800","8,800","8,900","9,000","9,000","9,000","9,000","9,400","8,900","8,983","8,900","8,900","9,000","9,000","9,000","9,000","9,600","9,600","9,600","9,500","9,500","9,500","9,258","9,500","9,600","9,500","9,500","9,700","9,600","9,600","9,800","9,600","9,900","9,900","9,600","9,650","9,700","9,700","9,700","9,800","9,800","9,900","10,000","10,100","10,000","10,000","10,100","10,100","9,908","10,200","10,400","10,600","10,200","10,200","10,300","10,500","10,343"
70,            City Government,"4,400","4,400","4,400","4,300","4,300","4,400","4,400","4,400","4,400","4,300","4,300","4,300","4,358","4,200","4,300","4,200","4,200","4,200","4,300","4,200","4,200","4,300","4,300","4,400","4,300","4,258","4,400","4,300","4,300","4,200","4,300","4,300","4,200","4,200","4,200","4,300","4,300","4,300","4,275","4,300","4,300","4,300","4,300","4,400","4,500","4,200","4,200","4,200","4,300","4,300","4,300","4,300","4,300","4,300","4,300","4,100","4,100","4,200","4,100","4,100","4,100","4,200","4,200","4,200","4,183","4,100","4,200","4,200","4,200","4,300","4,300","4,000","4,100","4,000","4,000","4,000","4,000","4,117","4,000","4,000","4,100","4,000","4,100","4,100","3,900","4,000","4,000","4,000","4,000","4,000","4,017","4,000","4,000","4,000","4,000","4,100","4,200","4,000","4,100","4,100","4,100","4,100","4,100","4,067","4,000","4,100","4,100","4,200","4,100","4,200","4,100","4,200","4,100","4,100","4,100","4,100","4,117","4,100","4,100","4,100","4,100","4,100","4,200","4,000","4,100","4,100","4,100","4,100","4,000","4,092","4,000","4,100","4,100","3,600","3,600","3,700","3,500","3,600","3,700","3,700","3,700","3,700","3,750","3,600","3,600","3,600","3,600","3,600","3,700","3,700","3,700","3,700","3,700","3,700","3,700","3,658","3,700","3,700","3,800","3,700","3,800","3,900","3,800","3,900","3,900","3,900","3,900","3,900","3,825","3,900","3,900","4,000","3,900","3,900","4,100","4,100","4,100","4,000","4,000","4,000","4,100","4,000","4,100","4,200","4,200","4,100","4,100","4,200","4,100","4,143"
71,            Special Districts plus Tribes,"2,000","2,000","2,000","2,000","2,100","2,200","2,300","2,300","2,100","2,000","2,000","2,000","2,083","2,000","2,000","2,000","2,000","2,100","2,300","2,300","2,300","2,100","2,000","2,000","2,000","2,092","2,000","2,000","2,000","2,000","2,100","2,300","2,300","2,300","2,100","2,100","2,100","2,100","2,117","2,000","2,000","2,100","2,200","2,200","2,400","2,400","2,400","2,200","2,200","2,100","2,100","2,192","2,100","2,100","2,200","2,200","2,200","2,400","2,400","2,400","2,200","2,200","2,200","2,100","2,225","2,200","2,200","2,200","2,200","2,300","2,400","2,400","2,400","2,300","2,300","2,200","2,200","2,275","2,200","2,200","2,200","2,200","2,300","2,400","2,500","2,400","2,300","2,300","2,200","2,300","2,292","2,200","2,200","2,200","2,300","2,300","2,500","2,500","2,500","2,400","2,300","2,300","2,300","2,333","2,300","2,300","2,300","2,300","2,400","2,500","2,500","2,500","2,300","2,300","2,300","2,200","2,350","2,200","2,200","2,200","2,300","2,300","2,500","2,500","2,500","2,300","2,300","2,300","2,300","2,325","2,200","2,200","2,200","2,000","1,900","2,000","2,100","2,100","2,100","2,100","2,100","2,100","2,092","2,000","2,100","2,000","2,100","2,100","2,200","2,200","2,200","2,100","2,100","2,200","2,200","2,125","2,000","2,100","2,100","2,100","2,200","2,300","2,400","2,300","2,200","2,200","2,200","2,200","2,192","2,200","2,200","2,200","2,200","2,300","2,500","2,500","2,500","2,400","2,400","2,400","2,300","2,342","2,300","2,300","2,300","2,300","2,400","2,600","2,600","2,400"
